Symbol, dividendYield
AMG, 0.0002
CAF, 0.0002
COO, 0.0002
NVDA, 0.00029999999
NBN, 0.0005
WTM, 0.00059999997
IR, 0.0008
EPAC, 0.00090000004
HEI, 0.00090000004
VRT, 0.00090000004
TXT, 0.001
PWR, 0.0011
GEHC, 0.0014
GFL, 0.0014
KNSL, 0.0014
BSIG, 0.0015
HBM, 0.0015
PEGA, 0.0015
CCJ, 0.0016
ENSG, 0.0016
PGR, 0.0016
PVH, 0.0016
BDC, 0.0017
ASA, 0.0018000001
CHN, 0.0018000001
WIT, 0.0018000001
USLM, 0.0019
AYI, 0.002
CIGI, 0.002
PCG, 0.002
ACA, 0.0021
CLB, 0.0021
TILE, 0.0022
BELFA, 0.0023
EME, 0.0023
AG, 0.0023999999
CW, 0.0023999999
DBRG, 0.0023999999
RVTY, 0.0023999999
ESE, 0.0025
HLT, 0.0025
AAON, 0.0026
CSWI, 0.0026
DDS, 0.0026
JBL, 0.0026
WST, 0.0027
ALC, 0.0028
CASH, 0.0028
TMO, 0.0028
CHDN, 0.0029
ESAB, 0.0029
LOB, 0.0029
MRVL, 0.0029
QCRH, 0.0029
VNT, 0.0029
WING, 0.0029
TW, 0.003
HWM, 0.0031
L, 0.0031
SEB, 0.0031
ICFI, 0.0032
IGIC, 0.0032
PEB, 0.0032
STVN, 0.0032
CHE, 0.0033000002
CTS, 0.0033000002
BRKR, 0.0034
JBT, 0.0034
TRAK, 0.0034
EXP, 0.0034999999
META, 0.0034999999
NMM, 0.0034999999
VLTO, 0.0034999999
BELFB, 0.0036000002
FIX, 0.0036000002
AEIS, 0.0037
ENTG, 0.0038
H, 0.0038
NYCB, 0.0038
PRIM, 0.0038
VSEC, 0.0038
HSTM, 0.0039
TBNK, 0.0039
UHS, 0.0039
FCNCA, 0.004
KAI, 0.004
MUSA, 0.004
POWL, 0.0041
TRU, 0.0041
WAB, 0.0042
AAPL, 0.0043
EE, 0.0043
FTV, 0.0043
IDT, 0.0043
IIIN, 0.0043
MU, 0.0043
TER, 0.0043
TPL, 0.0043
WMS, 0.0043
DHR, 0.0044
ARCB, 0.0045
INTR, 0.0045
LPLA, 0.0045
TECH, 0.0045
BCPC, 0.0046
CASY, 0.0046
CRS, 0.0047999998
GOOG, 0.0047999998
GOOGL, 0.0047999998
MORN, 0.0047999998
TTEK, 0.0047999998
AGI, 0.0049
BSY, 0.0049
ATMU, 0.005
KKR, 0.005
MMLP, 0.005
VBNK, 0.005
HCC, 0.0050999997
SVM, 0.0050999997
COST, 0.0052
MA, 0.0052
MTRN, 0.0052
ODFL, 0.0052
X, 0.0052
CEG, 0.0053
DIT, 0.0053
EA, 0.0053
ESOA, 0.0053
FSV, 0.0053
GPI, 0.0053
OEC, 0.0053
RACE, 0.0053
WRB, 0.0053
CR, 0.0054
CRM, 0.0054
AC, 0.0055
BVN, 0.0055
GF, 0.0055
MLM, 0.0055
ROP, 0.0055
TDS, 0.0055
WLFC, 0.0055
BMI, 0.0056
FSS, 0.0056
MCK, 0.0056
MPWR, 0.0056
CNXN, 0.0057
MLAB, 0.0057
MTX, 0.0057
TFX, 0.0057
BRO, 0.0058
EFX, 0.0058
LLY, 0.0058
RNR, 0.0058
TRS, 0.0058
BN, 0.0058999998
BNT, 0.0058999998
ORA, 0.0058999998
VRSK, 0.0058999998
ALG, 0.006
IBP, 0.006
LAKE, 0.006
PGC, 0.006
PHM, 0.006
SSD, 0.006
TPB, 0.006
VIRC, 0.006
BCC, 0.0061000003
EVTC, 0.0061000003
RDY, 0.0061000003
TOL, 0.0061000003
WWD, 0.0061000003
HWKN, 0.0062
LAD, 0.0062
AIT, 0.0063
FFWM, 0.0063
GVA, 0.0063
PLPC, 0.0063
RICK, 0.0063
RYAN, 0.0063
TGLS, 0.0063
GE, 0.0064
CLMB, 0.0064999997
SONY, 0.0064999997
ALNT, 0.0066000004
IBKR, 0.0066000004
AME, 0.0067000003
DHI, 0.0067000003
INBK, 0.0067000003
SHEN, 0.0067000003
INTU, 0.0068
RRBI, 0.0068
RCG, 0.0069
VST, 0.0069
HTLD, 0.0069999998
CP, 0.0070999996
NWS, 0.0070999996
PJT, 0.0070999996
REVG, 0.0070999996
SXI, 0.0070999996
UNF, 0.0070999996
VMC, 0.0070999996
WCN, 0.0070999996
A, 0.0072000003
AON, 0.0073
EHC, 0.0073
LMAT, 0.0073
V, 0.0073
GWW, 0.0074
HCA, 0.0074
LSTR, 0.0074
MCO, 0.0074
RLI, 0.0074
STN, 0.0074
VMI, 0.0074
CTAS, 0.0075
HLIO, 0.0075
LII, 0.0075
NWSA, 0.0075
SPGI, 0.0075
CGNX, 0.0077
FTI, 0.0077
IBN, 0.0077
ALCO, 0.0078
BWXT, 0.0078
ITIC, 0.0078
MSFT, 0.0078
OLED, 0.0078
SLP, 0.0078
TECK, 0.0078
NMRK, 0.007900001
RCL, 0.007900001
SHW, 0.007900001
TSE, 0.007900001
URI, 0.007900001
KOP, 0.008
NPO, 0.008
BKNG, 0.0081
COKE, 0.0081
HL, 0.0081
CHH, 0.0082
EDR, 0.0082
J, 0.0082
MBIN, 0.0082
MGPI, 0.0082
MXC, 0.0082
RRX, 0.0082
ACM, 0.0083
CSPI, 0.0083
AJG, 0.0084
ASO, 0.0084
FTAI, 0.0084
CMCO, 0.0085
CVLG, 0.0085
PNFP, 0.0085
AMAT, 0.0086
BGC, 0.0086
KLAC, 0.0086
MKSI, 0.0086
MSI, 0.0086
RMD, 0.0086
TT, 0.0086
AZZ, 0.0087
BBSI, 0.0087
COR, 0.0087
CRAI, 0.0087
WTS, 0.0087
ESLT, 0.0088
GHC, 0.0088
ITT, 0.0088
VHI, 0.0088
ECL, 0.0089
KBR, 0.0089
AWI, 0.009
ESQ, 0.009
PAYC, 0.009
PIPR, 0.009
SYK, 0.009
SYT, 0.009
WHD, 0.009
CAL, 0.0091
CEIX, 0.0091
FDS, 0.0091
GL, 0.0091
GM, 0.0091
JBSS, 0.0091
OR, 0.0091
BUR, 0.0092
OSW, 0.0092
PARAA, 0.0092
WCC, 0.0092
BCO, 0.0093
GFF, 0.0093
ORCL, 0.0093
PNR, 0.0093
UI, 0.0093
WPM, 0.0093
ZBH, 0.0093
CDRE, 0.0094
DIS, 0.0094
LDOS, 0.0094
NYT, 0.0094
WMPN, 0.0094
ABCB, 0.0095
BYD, 0.0095
CSL, 0.0095
ENS, 0.0095
HXL, 0.0095
LNG, 0.0095
SAND          , 0.0095
ULS, 0.0095
VBFC, 0.0095
WINA, 0.0095
ZTS, 0.0095
AMR, 0.0095999995
APH, 0.0095999995
ASML, 0.0095999995
HIFS, 0.0095999995
JBHT, 0.0095999995
MAR, 0.0095999995
MLI, 0.0095999995
AA, 0.0097
SMBK, 0.0097
FELE, 0.0098
GPN, 0.0098
ARMK, 0.0099
AZPN, 0.0099
NNI, 0.0099
SAP, 0.0099
VSTS, 0.0099
ALSN, 0.01
CARR, 0.01
UFPI, 0.01
WMT, 0.01
ZWS, 0.01
ILPT, 0.0101
WYNN, 0.0101
LPX, 0.010199999
MATX, 0.010199999
MKTX, 0.010199999
NVT, 0.010199999
SAIC, 0.010199999
STE, 0.010199999
AXP, 0.010299999
GAM, 0.010299999
ROST, 0.010299999
RRC, 0.010299999
AER, 0.0104
BBUC, 0.0105
CCK, 0.0105
PH, 0.0105
TPX, 0.0105
ATR, 0.0106
FNV, 0.0106
IHT, 0.0106
JOE, 0.0106
NX, 0.0106
RGLD, 0.0106
ULH, 0.0106
AMKR, 0.0107
DOV, 0.0107
HLNE, 0.0107
IMKTA, 0.0107
DAL, 0.0108
HDB, 0.0108
ICE, 0.0108
MSCI, 0.0108
PRGS, 0.0108
TCBS, 0.0108
UBS, 0.0108
ETN, 0.0109
NIC, 0.0109
BAH, 0.011
CFBK, 0.011
FBIN, 0.011
LFUS, 0.011
XYL, 0.011
CTVA, 0.0111
YOU, 0.0111
CHD, 0.0112
JILL, 0.0112
MLR, 0.0112
PCAR, 0.0112
PRG, 0.0112
SSBK, 0.0112
ERIE, 0.0113
AGCO, 0.0114
AGX, 0.0114
CCS, 0.0114
CDW, 0.0114
FRD, 0.0114
HUBG, 0.0114
LMNR, 0.0114
AMP, 0.0115
CXT, 0.0115
DHC, 0.0115
EFXT, 0.0115
EXPO, 0.0115
IRMD, 0.0115
JMSB, 0.0115
KGC, 0.0115
LEN, 0.0115
WT, 0.0115
BBU, 0.0116
EBR, 0.0116
RSG, 0.0116
TME, 0.0116
FLXS, 0.0117
HPK, 0.0117
HUBB, 0.0117
LIN, 0.0117
PFSI, 0.0117
SVC, 0.0117
CBOE, 0.0117999995
DOOO, 0.0117999995
FUL, 0.0117999995
TR, 0.0117999995
AAME, 0.0119
GSM, 0.0119
KNX, 0.0119
LFVN, 0.0119
LNN, 0.0119
NVEI, 0.0119
BTU, 0.012
DNUT, 0.012
ESI, 0.012
JKHY, 0.012
LYTS, 0.012
WSFS, 0.012
WTW, 0.012
RJF, 0.0121
SEIC, 0.0121
TNET, 0.0121
EVR, 0.012200001
EXPD, 0.012200001
LRCX, 0.012200001
MSA, 0.012200001
MWA, 0.012200001
TIPT, 0.012200001
AVGO, 0.0123000005
POWI, 0.0123000005
TEX, 0.0123000005
BALL, 0.0124
GCBC, 0.0124
HRI, 0.0124
IDCC, 0.0124
TFPM, 0.0124
TNC, 0.0124
CNMD, 0.0125
GGG, 0.0125
KBH, 0.0125
NDSN, 0.0125
NVGS, 0.0125
OPY, 0.0125
PX, 0.0125
SIG, 0.0125
WFRD, 0.0125
CB, 0.0126
KWR, 0.0126
STM, 0.0126
LH, 0.0127
NDAQ, 0.0127
PSMT, 0.0127
TSM, 0.0127
TXRH, 0.0127
APO, 0.0128
BWA, 0.0128
FCX, 0.0128
NSSC, 0.0128
TDF, 0.0128
BY, 0.0128999995
EEX, 0.0128999995
ESRT, 0.0128999995
FOXA, 0.0128999995
NVO, 0.0128999995
APOG, 0.012999999
OC, 0.012999999
POOL, 0.012999999
PRI, 0.012999999
RUSHA, 0.012999999
TRI, 0.012999999
CHX, 0.013099999
MMI, 0.013099999
SNX, 0.013099999
TJX, 0.013099999
BRC, 0.013200001
GPK, 0.013200001
TFII, 0.013200001
UNTY, 0.013200001
WFG, 0.013200001
CMC, 0.013300001
PRMW, 0.013300001
WDFC, 0.013300001
NPK, 0.0134000005
SNDR, 0.0134000005
USCB, 0.0134000005
ALLE, 0.0135
BUD, 0.0135
DRH, 0.0135
FIP, 0.0135
IEX, 0.0135
PWP, 0.0135
RBA, 0.0135
ST, 0.0135
FBK, 0.0136
HLI, 0.0136
HUM, 0.0136
STLD, 0.0136
B, 0.0137
EQBK, 0.0137
HCI, 0.0137
TWIN, 0.0137
CSV, 0.0138
CX, 0.0138
EML, 0.0138
IOSP, 0.0138
MMS, 0.0138
VRE, 0.0138
AMAL, 0.0139
IHG, 0.0139
SCHW, 0.0139
FOX, 0.0139999995
ROL, 0.0139999995
SFBS, 0.0139999995
SFBC, 0.014099999
MAS, 0.014199999
UTZ, 0.014199999
DE, 0.0143
GOLF, 0.0143
MNSO, 0.0143
OSBC, 0.0143
SSNC, 0.0143
YUMC, 0.0143
AIN, 0.014400001
CAT, 0.014400001
CSX, 0.014400001
DCI, 0.014400001
FCFS, 0.014400001
WM, 0.014400001
ATKR, 0.0145000005
COF, 0.0145000005
DPZ, 0.0145000005
HTBI, 0.0145000005
AGO, 0.0146
HAYN, 0.0146
HES, 0.0146
NUE, 0.0146
UMBF, 0.0146
MMC, 0.0147
NGVC, 0.0147
WERN, 0.0147
ACU, 0.0148
AIZ, 0.0148
CPHC, 0.0148
CRH, 0.0148
DELL, 0.0148
RS, 0.0148
LVS, 0.0149
SLGN, 0.0149
UNH, 0.0149
BBD, 0.0150999995
BHE, 0.0150999995
FORTY, 0.0150999995
KELYA, 0.0150999995
SCVL, 0.0150999995
HMY, 0.0152
MCRI, 0.0152
MRTN, 0.0152
AU, 0.0153
GNTX, 0.0153
HBB, 0.0153
HSII, 0.0153
LECO, 0.0153
RUSHB, 0.0153
SMBC, 0.0153
EXPI, 0.0154
FNWD, 0.0154
OTIS, 0.0154
KELYB, 0.0155
SEM, 0.0155
SHYF, 0.0155
SPNS, 0.0155
TMUS, 0.0155
WTFC, 0.0155
CBT, 0.0156
ELV, 0.0156
STEP, 0.0156
VOXR, 0.0156
CBNK, 0.015700001
IFF, 0.015700001
SCI, 0.015700001
WLK, 0.015700001
BERY, 0.015800001
HLN, 0.015800001
RPM, 0.015800001
TKR, 0.015800001
YMM, 0.015800001
ZEUS, 0.015800001
ADEA, 0.0159
BDX, 0.0159
BEKE, 0.0159
COLM, 0.0159
FLS, 0.0159
G, 0.0159
RELX, 0.0159
ADI, 0.016
CTSH, 0.016
FERG, 0.016
SF, 0.016
ANDE, 0.0161
BCML, 0.0161
HTHT, 0.0161
NOC, 0.0161
OBT, 0.0161
WS, 0.0161
MGYR, 0.0162
NXPI, 0.0162
PATK, 0.0162
RNGR, 0.0162
ASTE, 0.0163
MTH, 0.0163
RL, 0.0163
SBAC, 0.0163
TSCO, 0.0163
ACN, 0.0164
AMTB, 0.0164
ATAT, 0.0164
BBDO, 0.0164
BFH, 0.0164
DLB, 0.0164
LEG, 0.0164
PAAS, 0.0164
ZGN, 0.0164
ALB, 0.0165
ATEN, 0.0165
BANF, 0.0165
BR, 0.0165
LOGI, 0.0165
MGRC, 0.0165
SBS, 0.0165
OVLY, 0.0166
SIGI, 0.0166
TRV, 0.0166
FRBA, 0.0167
GATX, 0.0167
MCS, 0.0167
OSK, 0.0167
RGA, 0.0167
WH, 0.0167
ABM, 0.0168
CAMT, 0.0168
EQT, 0.016900001
KNOP, 0.016900001
MRO, 0.016900001
RELL, 0.016900001
ARKO, 0.017
AVY, 0.017
EPC, 0.017
GIL, 0.017
RVSB, 0.017
RYAAY, 0.017
STZ, 0.017
TAC, 0.017
VCIG, 0.017
EBAY, 0.0171
HQI, 0.0171
WOR, 0.0171
LOW, 0.0172
PKOH, 0.0172
TEL, 0.0172
WSM, 0.0172
CBSH, 0.0173
KLIC, 0.0173
KRO, 0.0173
NTAP, 0.0173
WNC, 0.0173
NOA, 0.0174
OXY, 0.0174
SPFI, 0.0174
WAL, 0.0175
FIS, 0.0176
FUSB, 0.0176
MDU, 0.0176
SYF, 0.0176
TTC, 0.0176
AOS, 0.0177
CI, 0.0178
CWCO, 0.0178
HCKT, 0.0178
ASR, 0.018
DRD, 0.018
GRMN, 0.018
ODC, 0.018
DD, 0.018099999
AFL, 0.0182
CAH, 0.0182
LBRT, 0.0182
TRGP, 0.0182
DFS, 0.0183
ESNT, 0.0183
HIG, 0.0183
IROQ, 0.0183
JD, 0.0183
SHOO, 0.0183
AEM, 0.0184
CNO, 0.0184
DNB, 0.0184
NRG, 0.0184
ROK, 0.0184
GEN, 0.0185
LW, 0.0185
MEOH, 0.0185
NMR, 0.0185
RGR, 0.0185
RRR, 0.0185
SYBT, 0.0185
GNE, 0.0186
NEU, 0.0186
SPB, 0.0186
AL, 0.0187
EQIX, 0.0187
GD, 0.0187
LHX, 0.0187
MCY, 0.0187
STEL, 0.0187
UTMD, 0.0187
IRDM, 0.0188
JJSF, 0.0188
NKE, 0.0188
OBK, 0.0188
THO, 0.0188
ASH, 0.0189
ASTL, 0.019
JCI, 0.019
SUPV, 0.019
BOWL, 0.0191
KOF, 0.0191
SM, 0.0191
DGX, 0.019199999
OLN, 0.019199999
PARA, 0.019199999
ABT, 0.019299999
EMR, 0.019299999
FER, 0.019299999
GBX, 0.019299999
KMPR, 0.019299999
ALL, 0.0194
BDL, 0.0194
BFC, 0.0194
HEES, 0.0194
NEN, 0.0194
WTI, 0.0194
AZN, 0.0195
NOV, 0.0195
ADP, 0.0196
DOLE, 0.0196
FFIN, 0.0196
GFI, 0.0196
MGEE, 0.0196
EEA, 0.0197
GRC, 0.0197
MTDR, 0.0197
QCOM, 0.0197
ISTR, 0.0198
KFY, 0.0199
LANC, 0.0199
LINE, 0.0199
YUM, 0.0199
BABA, 0.02
CBRL, 0.02
FDX, 0.02
GOLD, 0.02
MDRR, 0.02
MT, 0.02
BSVN, 0.0201
LZB, 0.0201
RTX, 0.0201
AMRK, 0.0202
CME, 0.0202
FG, 0.0202
MSEX, 0.0202
TNK, 0.0202
BOKF, 0.020299999
BX, 0.020299999
FAST, 0.020299999
MGY, 0.020299999
NHC, 0.020299999
PAHC, 0.020299999
SCL, 0.020299999
HII, 0.020399999
IMMR, 0.020399999
SSBI, 0.020399999
BC, 0.020499999
WELL, 0.020499999
BBW, 0.020599999
FBNC, 0.020599999
AIG, 0.0207
BLK, 0.0207
HTLF, 0.0207
MTG, 0.0207
NEM, 0.0207
SXT, 0.0207
CL, 0.0209
ELTK, 0.0209
EQH, 0.0209
PPG, 0.0209
EFSC, 0.021
EG, 0.021
HOG, 0.021
HY, 0.021
IBOC, 0.021
SLVM, 0.021
BFST, 0.0211
CPK, 0.0211
PSO, 0.0211
VFC, 0.0211
WMK, 0.0211
HNVR, 0.0212
LTM, 0.0212
NSC, 0.021300001
ACT, 0.0214
DKS, 0.0214
MKC, 0.0214
OPI, 0.0214
CE, 0.0215
MMM, 0.0215
USPH, 0.0215
FPI, 0.0216
JEF, 0.0216
CWT, 0.0217
DOX, 0.0217
HTH, 0.0217
NECB, 0.0217
SII, 0.0217
ARES, 0.0218
AXS, 0.0218
CMI, 0.0218
MPC, 0.0218
PHIN, 0.0218
SEE, 0.0218
HBCP, 0.0219
HON, 0.0219
MRX, 0.0219
SSB, 0.0219
TM, 0.0219
AWK, 0.022
CNI, 0.022
PKG, 0.022
ASIX, 0.0221
AVD, 0.0221
AVNT, 0.0221
PBHC, 0.0221
TTEC, 0.0221
APD, 0.0222
FSP, 0.0222
JPM, 0.0222
CVR, 0.0223
EWBC, 0.0223
HD, 0.0223
IRM, 0.0223
VOYA, 0.0223
VSH, 0.0223
AWR, 0.0224
CINF, 0.0224
FBIZ, 0.0224
FSFG, 0.0224
INTC, 0.0224
KR, 0.0224
MNSB, 0.0224
NTIC, 0.0224
R, 0.0224
RCKY, 0.0224
SNA, 0.0224
BKR, 0.0225
WMG, 0.0225
WSO, 0.0225
CZWI, 0.0226
EAF, 0.0226
ELP, 0.0226
INFY, 0.0226
JNPR, 0.0226
ATO, 0.0228
CHRW, 0.0228
FFNW, 0.0228
FIHL, 0.0228
THG, 0.0228
GS, 0.0229
RTO, 0.0231
UNP, 0.0231
AVT, 0.0232
ELPC, 0.0232
TEO, 0.0232
WD, 0.0232
BTE, 0.0233
SLM, 0.0233
CWH, 0.0234
ITW, 0.0234
OTTR, 0.0234
RBCAA, 0.0234
CNS, 0.0235
MCHP, 0.0235
RLX, 0.0235
SAH, 0.0235
YORW, 0.0235
INGR, 0.023699999
VALU, 0.023699999
IMO, 0.0238
LMT, 0.0238
LUV, 0.0238
NATH, 0.0238
PG, 0.0238
GLW, 0.0239
MCD, 0.0239
SRCE, 0.0239
FSBW, 0.024
SGHC, 0.024
GWRS, 0.0241
IPAR, 0.0241
PRDO, 0.0241
CLAR, 0.024300002
BAC, 0.024400001
CF, 0.024400001
HAL, 0.024400001
ORRF, 0.024400001
SCCO, 0.024400001
WFC, 0.024400001
PRK, 0.024500001
WGO, 0.024500001
AEO, 0.024600001
AFG, 0.024600001
BK, 0.024600001
OFG, 0.024600001
TPG, 0.024600001
CNNE, 0.0247
WWW, 0.0247
EGBN, 0.0248
ESP, 0.0248
FMBH, 0.0248
MATV, 0.0248
MPB, 0.0248
NEE, 0.0249
PUK, 0.0249
SBUX, 0.0249
BAFN, 0.025
CAKE, 0.025
EIG, 0.025
WY, 0.025
HRB, 0.0251
BANC, 0.0253
CSGS, 0.0253
PLBC, 0.0253
RNST, 0.0253
GBCI, 0.0254
HNI, 0.0255
NBHC, 0.0255
CWBC, 0.0256
NRC, 0.0256
WKC, 0.0256
FWRD, 0.0257
IBTX, 0.0257
ARCO, 0.025899999
BHLB, 0.025899999
MUFG, 0.025899999
WTTR, 0.025899999
CCBG, 0.025999999
FCCO, 0.025999999
SNN, 0.025999999
GABC, 0.026099999
ACI, 0.026199998
FSBC, 0.026199998
MET, 0.026199998
BTT, 0.026300002
CHMG, 0.026300002
ITUB, 0.026300002
PAG, 0.026300002
STNG, 0.026300002
TRMK, 0.026300002
HPE, 0.026400002
TXN, 0.026400002
HONE, 0.026500002
PEG, 0.026500002
SBCF, 0.026500002
DLR, 0.026600001
SLB, 0.026600001
BRN, 0.026700001
CCEP, 0.026700001
CHCO, 0.026700001
KTB, 0.026800001
GLNG, 0.0269
AAP, 0.027
AMSF, 0.027
EXE, 0.027
KARO, 0.027
MDLZ, 0.027
VCTR, 0.0271
XRAY, 0.0271
AMH, 0.0272
BBWI, 0.0272
KDP, 0.0272
OFLX, 0.0272
SYY, 0.0272
UNM, 0.0272
KFRC, 0.0273
OMC, 0.0273
GSBC, 0.0274
MTB, 0.0274
OPOF, 0.0274
BPOP, 0.0275
CG, 0.0275
BWFG, 0.0276
FNWB, 0.0276
FR, 0.0276
GAP, 0.0276
JXN, 0.0276
ARIS, 0.0277
CCNE, 0.0277
ELS, 0.0277
PBI, 0.0277
SJW, 0.0277
STRA, 0.0277
TPR, 0.0277
RES, 0.0278
VTR, 0.0278
HOMB, 0.0279
PAYX, 0.0279
PGRE, 0.0279
RBB, 0.0279
ALV, 0.027999999
CVE, 0.027999999
HMST, 0.027999999
SMFG, 0.027999999
CNP, 0.028199999
FUNC, 0.028199999
VTMX, 0.028199999
K, 0.028299998
AMGN, 0.028399998
NOK, 0.028399998
STX, 0.028399998
WLY, 0.028399998
WLYB, 0.028399998
BAM, 0.028499998
BCS, 0.028499998
CFFI, 0.028499998
DB, 0.028499998
FUN, 0.028499998
SUI, 0.028499998
AGRO, 0.0286
ARCH, 0.0286
FXNC, 0.0286
GNTY, 0.0286
MBCN, 0.0286
CFR, 0.0287
CRBG, 0.0287
EBC, 0.0287
RDN, 0.0287
CASS, 0.028800001
LKFN, 0.028800001
STC, 0.028800001
UTL, 0.028800001
VBTX, 0.028800001
CMS, 0.028900001
CSCO, 0.028900001
IBCP, 0.028900001
CGAU, 0.029000001
CNOB, 0.029000001
ONB, 0.029000001
DG, 0.0291
FCBC, 0.0291
KO, 0.0291
SRE, 0.0291
SWKS, 0.0291
AMT, 0.0292
FBMS, 0.0292
HWBK, 0.0292
CATY, 0.0293
UVSP, 0.0293
VIPS, 0.0293
LEVI, 0.0294
NTRS, 0.0294
NWL, 0.0294
BANR, 0.0295
CRCT, 0.0295
EBTC, 0.0295
HPQ, 0.0295
SBFG, 0.0295
CADE, 0.0296
CMCSA, 0.0296
CRC, 0.0296
MRK, 0.0296
PEBK, 0.0296
AVB, 0.0297
CVGW, 0.0297
HP, 0.0297
EL, 0.0298
EOG, 0.0298
PKX, 0.0298
ADT, 0.0299
CNXC, 0.0299
SMG, 0.0299
GIC, 0.03
HSY, 0.03
ORI, 0.03
TGT, 0.03
WAFD, 0.03
AGM, 0.0301
HWC, 0.0301
MCBS, 0.0301
NBTB, 0.0301
SAFE, 0.0301
TCBK, 0.0301
CBAN, 0.030199999
CBU, 0.030199999
COP, 0.030199999
ERIC, 0.030199999
FDBC, 0.030199999
NI, 0.030199999
NSP, 0.030199999
TOWN, 0.030199999
BG, 0.030299999
TGNA, 0.030299999
ACNB, 0.0304
AEE, 0.0304
ATNI, 0.0304
EMN, 0.0304
FCF, 0.0304
SNV, 0.0304
UL, 0.0304
LEA, 0.0306
IVT, 0.0307
JNJ, 0.0307
OVV, 0.0307
RHI, 0.0307
UE, 0.0307
WBS, 0.0307
WEYS, 0.0307
AMX, 0.0308
FMS, 0.0308
MOS, 0.0308
RPRX, 0.0308
AKR, 0.0309
BOTJ, 0.0309
CLX, 0.0309
MDT, 0.0309
NRP, 0.0309
NTES, 0.0309
REYN, 0.0309
DEO, 0.031
IX, 0.031
TRN, 0.031
VIRT, 0.031
ASX, 0.0311
CPB, 0.0311
ESSA, 0.0311
FHI, 0.0311
MS, 0.0311
OTEX, 0.0311
ZION, 0.0312
KMT, 0.0313
OWL, 0.0313
PB, 0.0313
IBM, 0.031400003
JRVR, 0.031400003
LNT, 0.031400003
SO, 0.031400003
TAP, 0.031400003
PPL, 0.0315
FGBI, 0.031600002
HI, 0.031600002
KSM, 0.031600002
PBF, 0.031600002
ED, 0.0317
FNF, 0.0317
TRNO, 0.0317
DMF, 0.0318
LKQ, 0.0318
MLKN, 0.0318
SCS, 0.0318
PEP, 0.0319
SWK, 0.0319
UFCS, 0.0319
CCEC, 0.032
SCHL, 0.032
UVE, 0.032
XOM, 0.032
LCUT, 0.0321
VABK, 0.0321
BAX, 0.0322
CALM, 0.0322
CYD, 0.0322
DTE, 0.0322
GDEN, 0.0322
IRT, 0.0322
WNEB, 0.0322
FCAP, 0.0323
BKU, 0.0324
DCOM, 0.0324
VLO, 0.0324
BKE, 0.0325
MBWM, 0.0325
TSBK, 0.0325
COFS, 0.0326
PLD, 0.0326
QSR, 0.0326
SHBI, 0.0326
SKT, 0.0326
ABBV, 0.0327
BSRR, 0.0327
ESS, 0.0327
FBP, 0.0327
FMAO, 0.0327
JWN, 0.0327
NVS, 0.0327
STT, 0.0327
PFBC, 0.0328
XHR, 0.0328
FNB, 0.032899998
BFIN, 0.033
CZFS, 0.033
EVBN, 0.033
NC, 0.033
RYI, 0.033
BPRN, 0.033099998
DTM, 0.033099998
IDA, 0.033099998
RY, 0.033099998
TSN, 0.033099998
MOFG, 0.0332
SWX, 0.0332
WTRG, 0.0332
KB, 0.033299997
OPBK, 0.033299997
INVH, 0.0334
ALRS, 0.0335
MFG, 0.0335
MVBF, 0.0335
PECO, 0.0335
VLGEA, 0.0335
WABC, 0.0335
FITB, 0.0336
NFG, 0.0336
UCB, 0.0336
COLD, 0.0337
DMB, 0.0337
FAF, 0.0337
NOMD, 0.0337
PNC, 0.0337
QFIN, 0.0337
YRD, 0.0337
BHRB, 0.033800002
GHG, 0.033800002
GPC, 0.033800002
MXE, 0.033800002
PKBK, 0.033800002
CLDT, 0.0339
ALTG, 0.034
C, 0.034
EBMT, 0.034
UGP, 0.034
XEL, 0.034
ALLY, 0.0342
AROC, 0.0342
FDP, 0.0342
FRST, 0.0342
PTVE, 0.0342
CABO, 0.0343
GEF, 0.0343
CEE, 0.0344
CMRE, 0.0344
WEC, 0.0344
ARTNA, 0.0345
DRI, 0.0345
FHN, 0.0345
CIVB, 0.0346
EXTO, 0.0346
HBT, 0.0346
PFG, 0.0346
CPT, 0.0347
GILD, 0.0347
PZZA, 0.0347
WSR, 0.0347
CCU, 0.0348
DTF, 0.0348
JACK, 0.0348
OXM, 0.0348
ADM, 0.0349
SHO, 0.0349
TKC, 0.0349
PKE, 0.035
STEW, 0.035
CBFV, 0.035099998
STBA, 0.035099998
ETR, 0.0352
GIS, 0.0352
TY, 0.0352
JOF, 0.0353
SIMO, 0.0353
CTRA, 0.0354
TXNM, 0.0354
AE, 0.0356
CPF, 0.0356
GRF, 0.0356
PSA, 0.0356
SFNC, 0.0356
AUB, 0.0357
BHB, 0.0357
DUK, 0.0357
EPRT, 0.0357
PII, 0.0357
PSX, 0.0357
CMCL, 0.0358
CNA, 0.0358
INDB, 0.0358
KVUE, 0.0358
MC, 0.0358
MGIC, 0.0358
OGS, 0.0358
CTBI, 0.0359
DSM, 0.036
ENLC, 0.036
EQR, 0.036
KMB, 0.036
SEI, 0.036
CVEO, 0.0361
LCII, 0.0361
PROV, 0.0361
VET, 0.0361
CDP, 0.036199998
DBI, 0.036199998
LEO, 0.0363
RYN, 0.0363
WMB, 0.0363
FFBC, 0.0364
HMN, 0.0364
HRL, 0.0365
NIM, 0.0365
ENR, 0.0366
GROW, 0.0366
IFS, 0.0366
BSAC, 0.0367
MRBK, 0.0367
MAC, 0.0368
BIPC, 0.0369
EIX, 0.0369
KLG, 0.0369
OZK, 0.0369
ASB, 0.037
CTRE, 0.037
CXH, 0.037
OVBC, 0.037100002
NRIM, 0.0372
TMP, 0.0372
TS, 0.0372
SGC, 0.0373
FULT, 0.0374
REG, 0.0374
SJM, 0.0374
AEP, 0.0375
SNY, 0.0375
ALGT, 0.0376
GCMG, 0.0376
AUDC, 0.0377
FMC, 0.0377
FRME, 0.0377
MUR, 0.0377
REXR, 0.0377
EXC, 0.0378
BUSE, 0.0379
IGT, 0.0379
PCB, 0.0379
IP, 0.038
DAN, 0.0381
MAA, 0.0382
QUAD, 0.0382
VAC, 0.0382
AROW, 0.0383
FINV, 0.0383
ROIC, 0.0383
DHIL, 0.038399998
JHG, 0.038399998
AHR, 0.0385
JBGS, 0.0385
UBSI, 0.0385
UDR, 0.0385
BOH, 0.0387
EXR, 0.0387
LAZ, 0.0387
SHG, 0.0387
CURI, 0.0388
NCA, 0.0388
NJR, 0.0388
NUS, 0.0388
RCI, 0.0388
CHT, 0.038900003
FE, 0.038900003
FF, 0.038900003
FRT, 0.038900003
MFC, 0.038900003
NXST, 0.038900003
SON, 0.039
DAC, 0.039100002
SLG, 0.039100002
SWBI, 0.039100002
SMP, 0.0392
CFG, 0.039300002
CRGY, 0.039300002
HBAN, 0.039300002
RGCO, 0.039300002
CET, 0.0394
HBNC, 0.0394
SD, 0.0394
STAG, 0.0395
ZTO, 0.0396
VRTS, 0.0399
RHP, 0.04
SIRI, 0.04
HFWA, 0.0401
LGTY, 0.0401
NUW, 0.0401
PTEN, 0.0401
FMN, 0.0402
JHS, 0.0402
KIM, 0.0402
MNRO, 0.0402
PMO, 0.0402
KRG, 0.0403
WHG, 0.0403
WSBF, 0.0403
GSK, 0.0404
LXFR, 0.0404
SASR, 0.0404
AES, 0.0405
CAC, 0.0405
JOUT, 0.0405
KALU, 0.0405
NNY, 0.0405
TROX, 0.0405
PNW, 0.040599998
SSTK, 0.040599998
BKDT, 0.040700004
MATW, 0.040700004
ADC, 0.040799998
VTRS, 0.040799998
CVBF, 0.040900003
NL, 0.040900003
SPTN, 0.040900003
CSAN, 0.040999997
BBY, 0.041100003
CUZ, 0.041100003
POR, 0.041100003
STRW, 0.041100003
CNH, 0.041199997
GBLI, 0.041199997
OKE, 0.041199997
RM, 0.041199997
TNL, 0.041199997
USB, 0.041199997
CIX, 0.041300002
HFBL, 0.041300002
NAVI, 0.0414
PM, 0.0414
PRU, 0.0414
THFF, 0.0414
BRX, 0.041500002
HURC, 0.041500002
LAMR, 0.041500002
OGE, 0.041500002
SW, 0.041500002
FTS, 0.0416
RF, 0.0416
FHB, 0.0417
SHEL, 0.0417
DGICB, 0.0418
FMX, 0.0418
LX, 0.0418
NUV, 0.0418
PINC, 0.0418
DEI, 0.0419
HIHO, 0.0419
LARK, 0.0419
MSM, 0.0419
HPP, 0.042
CM, 0.0421
ELME, 0.0421
FRAF, 0.0421
LAND, 0.0421
NXC, 0.0421
NXN, 0.0421
NXP, 0.0421
APA, 0.0422
EPSN, 0.0422
ETX           , 0.0422
EVRG, 0.0422
SLF, 0.0422
SU, 0.0422
AFB, 0.0423
CSR, 0.0423
CUBE, 0.0425
EMBC, 0.0425
HAS, 0.042600002
PCH, 0.042600002
PRGO, 0.0428
ES, 0.043
FLO, 0.043
NXRT, 0.043
TAK, 0.043
TRST, 0.043
BKH, 0.0431
ESCA, 0.0431
HMC, 0.0431
KW, 0.0431
MYE, 0.0431
RMBI, 0.0431
PCK, 0.0432
CMP, 0.0433
CVX, 0.0433
MMD, 0.0433
NFBK, 0.0434
MFIN, 0.0435
BEPC, 0.0436
HAFC, 0.0436
PCQ, 0.0436
IPG, 0.0437
OCFC, 0.0437
MFM, 0.0438
NWFL, 0.0438
SBSI, 0.0438
ALE, 0.043899998
PAC, 0.044099998
PHX, 0.044099998
SSRM, 0.044099998
TROW, 0.044099998
HUN, 0.0442
MGA, 0.0442
UG, 0.0442
ASRV, 0.044299997
D, 0.0444
CMU, 0.044499997
MERC, 0.044499997
DGICA, 0.044699997
HOPE, 0.044699997
NTR, 0.044699997
RDUS, 0.044699997
SAN, 0.044699997
M, 0.0448
NLOP, 0.0448
BXP, 0.044899996
MHI, 0.044899996
AMCR, 0.045100003
HST, 0.0452
WTBA, 0.0452
CMA, 0.045300003
PLOW, 0.045300003
CNQ, 0.0454
KHC, 0.045500003
LNKB, 0.045500003
MAV, 0.045500003
SAFT, 0.045500003
BMY, 0.0456
TV, 0.0456
UMH, 0.0456
BIP, 0.045700002
NWG, 0.045700002
SAMG, 0.045700002
CXE, 0.0458
IVZ, 0.0458
BMRC, 0.045900002
PMM, 0.045900002
AESI, 0.046
KT, 0.046
NOG, 0.046
VNOM, 0.046
WSBC, 0.046
ARE, 0.0461
VLY, 0.0461
NMS, 0.0462
EGY, 0.0463
SR, 0.0463
CVS, 0.0464
KMI, 0.0464
DINO, 0.0466
KEY, 0.0467
NTB, 0.0467
WPP, 0.0467
NFE, 0.0468
PLYM, 0.0468
ATLO, 0.0469
ALEX, 0.047
CAG, 0.047
NWE, 0.047
HIMX, 0.0471
NMI, 0.0471
YY, 0.0471
ICL, 0.047199998
SB, 0.0475
SPG, 0.0475
NHI, 0.0476
PNI, 0.0476
TSI, 0.0476
BTG, 0.0479
CODI, 0.0479
PAI, 0.0479
BRKL, 0.048
TFC, 0.048
HASI, 0.0481
FMNB, 0.0482
MAN, 0.0482
UPS, 0.0482
CCOI, 0.048299998
VLYPN, 0.048299998
BAP, 0.0484
PDCO, 0.0484
PZC, 0.0484
EBF, 0.048499998
NWN, 0.048499998
GGAL, 0.048600003
OPRA, 0.048600003
PBA, 0.048600003
UNB, 0.048600003
BRDG, 0.048699997
FCPT, 0.048699997
NKSH, 0.048699997
AAT, 0.048800003
MTR, 0.048899997
FISI, 0.049000002
INSI, 0.049000002
WEN, 0.049000002
BMO, 0.049099997
AGR, 0.049200002
PWOD, 0.0493
IMOS, 0.0494
PYN, 0.0495
PDM, 0.0496
PFS, 0.0497
AVA, 0.0498
NNN, 0.0498
AUBN, 0.05
PMX, 0.05
SQM, 0.05
COLB, 0.050100002
PNF, 0.050100002
PFC, 0.0502
T, 0.0502
EOT, 0.050300002
MSBI, 0.050300002
PPBI, 0.0504
EGF, 0.0506
PLTK, 0.0506
BMN, 0.0507
PEBO, 0.0507
LANDM, 0.0508
NVEC, 0.0509
INN, 0.051
LYG, 0.051
ZIM, 0.051
BHP, 0.0511
CFFN, 0.0511
PAX, 0.0511
GEL, 0.0512
XYF, 0.0514
O, 0.051599998
KGS, 0.0517
DVN, 0.051799998
AQN, 0.0519
KRC, 0.0519
PMF, 0.0519
MTN, 0.051999997
NTRSO, 0.051999997
HTBK, 0.0521
NSA, 0.0521
BEP, 0.052199997
PFIS, 0.052199997
ETD, 0.052399997
ENX, 0.0525
KRT, 0.0525
TIMB, 0.0525
EICA, 0.052600004
TD, 0.052699998
BCBP, 0.052800003
F, 0.052800003
HNNA, 0.052800003
HVT, 0.0529
TTE, 0.0529
DOC, 0.0531
LRFC, 0.0531
MUI, 0.0531
PML, 0.0531
TTP, 0.0531
FITBO, 0.053200003
OIA, 0.053200003
IGI, 0.0533
METC, 0.0533
NTST, 0.0533
LSBK, 0.0535
VICI, 0.0535
EVM, 0.0539
PVL, 0.0539
CC, 0.0541
GDV, 0.0541
UBFO, 0.0541
UBCP, 0.0542
GGB, 0.0543
STR, 0.0543
FFIC, 0.0544
MIO, 0.0544
JMM, 0.0545
EQNR, 0.0547
UPBD, 0.0547
VBF, 0.0547
BKN, 0.054899998
FNLC, 0.054899998
EMF, 0.055
LXP, 0.055
AEG, 0.0551
LNC, 0.0551
MUJ, 0.0554
SXC, 0.0554
OCCIN, 0.0555
SUZ, 0.0555
ACGLN, 0.0557
MQY, 0.0558
NGG, 0.0558
DOW, 0.0559
BHV, 0.055999998
NEWT, 0.055999998
AVAL, 0.0561
VFL, 0.0561
VRN, 0.056199998
ECF, 0.056399997
HBANP, 0.056399997
REPX, 0.056399997
MIY, 0.056500003
CRI, 0.056700002
GTN, 0.056700002
IIPR, 0.056900002
FCNCP, 0.056999996
III, 0.056999996
SOR, 0.056999996
CEV, 0.0572
CLPR, 0.0573
HOFT, 0.0573
MUA, 0.0573
CCI, 0.0574
BLMN, 0.0575
HIW, 0.057600003
ITRN, 0.057600003
BNY, 0.0577
MUC, 0.0577
ACGLO, 0.057800002
BTA, 0.057800002
GTY, 0.057800002
SELF, 0.057800002
SIGIP, 0.057800002
BSET, 0.058000002
LCNB, 0.058000002
ATHM, 0.0581
BYM, 0.0582
MHN, 0.0582
PFE, 0.0582
FCNCO, 0.0583
ARC, 0.0585
ESEA, 0.0585
MHF, 0.0585
CZNC, 0.0586
EIM, 0.0586
MSB, 0.0586
EVN, 0.0587
MHD, 0.0587
MYD, 0.0587
MEI, 0.0588
BFK, 0.0589
MPX, 0.0589
MYI, 0.0589
HYB, 0.059
CBL, 0.0591
MQT, 0.0591
VIV, 0.0591
FIBK, 0.0592
MVT, 0.0592
NBB, 0.059299998
NWBI, 0.059299998
SBGI, 0.0594
BFS, 0.059499998
DK, 0.059499998
FITBP, 0.059499998
MBINO, 0.059499998
MYN, 0.059499998
TLK, 0.059499998
IHTA, 0.0596
MUE, 0.0596
BEN, 0.059699997
BFZ, 0.059699997
HBANM, 0.059699997
MVF, 0.0598
PBT, 0.0598
BLE, 0.059899997
BRT, 0.06
BSBR, 0.06
NBH, 0.060100004
UGI, 0.060100004
EFSCP, 0.0602
GLPI, 0.0602
UWMC, 0.060300004
BLX, 0.060399998
BNS, 0.060399998
FANG, 0.060399998
AM, 0.060500003
REGCO, 0.060599998
SGU, 0.060599998
ACCO, 0.060700003
CII, 0.0608
TRP, 0.060900003
WPC, 0.060900003
CNOBP, 0.061
SWZ, 0.061
LYB, 0.061100002
UMC, 0.0614
OZKAP, 0.0615
CIG, 0.0616
WVVIP, 0.0616
OCCIO, 0.0617
PR, 0.0617
BP, 0.0618
FULTP, 0.062
GDL, 0.062
AGNCP, 0.0621
MXF, 0.0621
BME, 0.0626
DLX, 0.0626
GLP, 0.0626
NE, 0.0626
PFD, 0.062800005
SBI, 0.062800005
VLYPP, 0.062800005
KRNY, 0.0629
SBRA, 0.0629
SKM, 0.0629
CMTG, 0.0631
REGCP, 0.0631
PINE, 0.063200004
MMU, 0.0633
WASH, 0.0633
HIE, 0.0634
LTC, 0.0634
SILA, 0.0635
APLE, 0.0636
CPA, 0.0636
APAM, 0.0638
CWEN, 0.0638
KNTK, 0.0638
MBINN, 0.0641
OGN, 0.0641
BNL, 0.0643
PANL, 0.0643
RGT, 0.0644
OHI, 0.0645
AGNCO, 0.0646
UVV, 0.0647
GGZ, 0.0648
MKTW, 0.064899996
OUT, 0.065
BHFAN, 0.0651
VZ, 0.0651
OXLCP, 0.0653
DIN, 0.0654
WAFDP, 0.0654
OXLCO, 0.0655
WTFCM, 0.0655
BHFAM, 0.0656
FLIC, 0.0656
MDV, 0.0656
PSTL, 0.0656
KSPI, 0.0657
RIO, 0.0657
MPA, 0.065799996
PFO, 0.065799996
FUND, 0.0659
LND, 0.0659
GPMT, 0.066
JRSH, 0.066
VINP, 0.066
CHSCP, 0.0661
TEN, 0.0661
ABEV, 0.066199996
RLJ, 0.066199996
BHFAP, 0.066300005
CHSCM, 0.066300005
ENB, 0.066300005
TCBIO, 0.066300005
HBANL, 0.0664
BOE, 0.0665
GES, 0.066700004
OLP, 0.066700004
FLC, 0.0668
WSBCP, 0.0668
HSHP, 0.0669
ARKR, 0.067
FT, 0.0673
BORR, 0.0674
HSBC, 0.0674
RGP, 0.0674
BCH, 0.0675
NPV, 0.0675
WHR, 0.0675
SUN, 0.067600004
ADTN, 0.0677
BHFAO, 0.0677
ERH, 0.0677
BHR, 0.0678
CRWS, 0.0678
PKST, 0.0682
PNFPP, 0.0682
DCOMP, 0.0683
WTFCP, 0.0683
GOODN, 0.0685
ONBPO, 0.0685
GAIN, 0.0686
MPW, 0.0687
OCFCP, 0.0688
BXMX, 0.0689
FFA, 0.069
E, 0.0691
FFC, 0.0691
ONBPP, 0.0691
HR, 0.0692
SGA, 0.0692
UTG, 0.0692
CHSCN, 0.069299996
DCF, 0.0694
ECCC, 0.0694
SPXX, 0.0695
LANDO, 0.0696
HTLFP, 0.069699995
BGR, 0.0698
CSQ, 0.0698
RNP, 0.0698
RQI, 0.0698
BCX, 0.07
SPH, 0.07
TEF, 0.07
STK, 0.070300005
TAIT, 0.0704
ING, 0.0706
HTD, 0.070700005
JHI, 0.070700005
JPI, 0.070700005
ZIONP, 0.070700005
BGY, 0.071
NMZ, 0.071100004
CQP, 0.0712
LANDP, 0.0712
TU, 0.0713
XOMA, 0.0714
PK, 0.0716
CHSCL, 0.0717
PAGP, 0.0717
RAND, 0.0719
AWF, 0.0721
EPD, 0.0721
HTCR, 0.0721
GLBZ, 0.0722
GPRK, 0.072399996
XP, 0.072399996
RVT, 0.0725
CCNEP, 0.0726
WIA, 0.0726
EPR, 0.0727
VPV, 0.0727
FRMEP, 0.0728
PHI, 0.0728
AEF, 0.0729
CIO, 0.0729
NKX, 0.0729
UTF, 0.0731
BWBBP, 0.0733
RFI, 0.0733
VTN, 0.0733
CHSCO, 0.0734
NMT, 0.0734
GNT, 0.0735
LBRDP, 0.0735
OXLCN, 0.0735
UHT, 0.0736
RMR, 0.073699996
BUI, 0.0739
GLU, 0.0739
AHH, 0.0743
GRX, 0.0743
GRNT, 0.074499995
NMCO, 0.074499995
FMY, 0.0746
IIM, 0.0746
MOV, 0.0746
BBN, 0.0747
NRK, 0.0747
NAZ, 0.0749
GOOD, 0.075
MGF, 0.0752
KTF, 0.0754
VKQ, 0.075500004
FTAIO, 0.0756
RMT, 0.0756
VKI, 0.0756
BCV, 0.0757
VCV, 0.0757
JRS, 0.0758
PAA, 0.0758
VGM, 0.0758
GSL, 0.0759
IQI, 0.076
NOM, 0.076
BBVA, 0.0761
NVG, 0.0761
NZF, 0.0761
NAD, 0.0762
TFINP, 0.0762
BTO, 0.0763
VMO, 0.0763
WEA, 0.0763
AGNCL, 0.0764
BGSF, 0.0764
NEA, 0.0764
BDJ, 0.0765
DEA, 0.0765
HESM, 0.0765
NAC, 0.0765
NQP, 0.0767
PDT, 0.0767
NAN, 0.076799996
SBSW, 0.076799996
NTIP, 0.0769
TYG, 0.0769
LIEN, 0.077
NXJ, 0.0771
FGBIP, 0.077199996
NDP, 0.077199996
OMAB, 0.077199996
MSBIP, 0.0774
DSWL, 0.0775
DIAX, 0.0776
EICB, 0.0777
MPLX, 0.0777
ET, 0.078
MNSBP, 0.078
BHK, 0.078099996
NYMTL, 0.0783
AB, 0.0784
MAIN, 0.0785
CTO, 0.0788
OCCIM, 0.0788
ALX, 0.0789
MBNKP, 0.0789
TSQ, 0.0789
NDMO, 0.0792
FTAIN, 0.0795
NYMTM, 0.0795
SCD, 0.0796
EICC, 0.0798
CGO, 0.08
SPE, 0.08
ECCF, 0.0801
RCS, 0.0802
MBINM, 0.080299996
DNP, 0.0804
USEG, 0.0804
PIM, 0.0805
QQQX, 0.0805
WDS, 0.0805
BIGZ, 0.0806
ADX, 0.080699995
CEPU, 0.080699995
BMEZ, 0.081
NOAH, 0.081
AY, 0.081099994
GLAD, 0.081099994
WILC, 0.081099994
MO, 0.081199996
FTAIP, 0.0813
DHF, 0.08140001
EVT, 0.08140001
MCI, 0.08140001
XOMAP, 0.08140001
LADR, 0.081499994
ETO, 0.081599995
GGN, 0.081599995
XOMAO, 0.0817
LOAN, 0.08180001
EOS, 0.082200006
KYN, 0.082200006
RMMZ, 0.082200006
SABA, 0.082399994
MDRRP, 0.0825
EOI, 0.082600005
SPOK, 0.082600005
HPI, 0.08270001
HPS, 0.08270001
JEQ, 0.08270001
EMO, 0.0828
HPF, 0.0829
BSTZ, 0.083000004
CRESY, 0.083000004
ATLCP, 0.0834
ESGRP, 0.0834
ETG, 0.0834
NYMTZ, 0.083500005
WIW, 0.0836
CYCCP, 0.0837
WU, 0.0838
CVI, 0.084
WLKP, 0.0841
CHW, 0.0842
MMT, 0.0842
THQ, 0.084300004
EDD, 0.0845
MITT, 0.0845
ASG, 0.0848
ESGRO, 0.085
ETY, 0.085
RMM, 0.085
VTS, 0.085
RMI, 0.0851
PHT, 0.085200004
BTI, 0.0854
MPV, 0.0855
MCR, 0.0856
ERC, 0.0857
KREF, 0.0857
ETV, 0.0859
EVG, 0.0859
NYMTN, 0.0859
PPT, 0.0864
OMF, 0.0865
RFMZ, 0.0866
TFSL, 0.0866
GNK, 0.086899996
RFM, 0.087
AJX, 0.0872
ENIC, 0.087299995
METCB, 0.087299995
SJT, 0.087299995
WF, 0.0874
BANX, 0.0876
EVC, 0.0877
FTAIM, 0.0879
IMPPP, 0.0879
ETB, 0.088199995
TBLD, 0.088199995
BCE, 0.0884
ARCC, 0.088599995
BGS, 0.088599995
CHRD, 0.0887
MIN, 0.0892
BKT, 0.08930001
NTG, 0.089499995
CIK, 0.089700006
ETJ, 0.08979999
RWT, 0.09020001
EAD, 0.0907
CPAC, 0.091000006
EXG, 0.0913
GMRE, 0.0913
SDHY, 0.0916
MARPS, 0.0919
PEO, 0.0919
DHY, 0.0921
PSF, 0.0921
WES, 0.0922
FITBI, 0.0923
FPF, 0.0923
VLYPO, 0.0924
EPM, 0.0925
DBL, 0.0926
TX, 0.0926
CION, 0.092700005
ASGI, 0.093
RMAX, 0.0932
TPZ, 0.0934
BTZ, 0.0936
ETW, 0.0936
TEAF, 0.0937
SBR, 0.0938
SLMBP, 0.094399996
EVV, 0.0947
HYT, 0.0947
BPYPP, 0.094799995
ZIONO, 0.094799995
USAC, 0.0949
HNW, 0.095
PTA, 0.095
BLW, 0.0951
HTGC, 0.0953
NRO, 0.0954
RITM, 0.0955
NFJ, 0.0956
CIM, 0.0962
STWD, 0.0962
BPYPO, 0.096599996
OBDC, 0.0967
BGFV, 0.0971
BSL, 0.097200006
XRX, 0.09729999
CHI, 0.0975
BXSL, 0.097799994
PCN, 0.098000005
EFR, 0.09810001
BST, 0.0983
CAPL, 0.0983
PTY, 0.0983
BPYPN, 0.098500006
CHY, 0.099300005
CRT, 0.099300005
DEC, 0.099300005
JPC, 0.0994
CSWC, 0.0995
EFT, 0.0996
UAN, 0.0998
BCSF, 0.1001
CIF, 0.100200005
LFMDP, 0.100200005
EVF, 0.1003
MTEX, 0.1003
SFL, 0.1003
FINS, 0.1005
CCAP, 0.100600004
DPG, 0.100600004
GBDC, 0.100600004
DLY, 0.1008
USA, 0.1008
TK, 0.101
AGNCM, 0.1012
BXMT, 0.1013
VOD, 0.1014
NIE, 0.1015
HYI, 0.1017
ONL, 0.1018
DHT, 0.1019
IDE, 0.102
BSM, 0.1022
GBAB, 0.102299996
VLT, 0.102299996
PGP, 0.1026
TSLX, 0.1026
SEVN, 0.103199996
MCN, 0.1033
FAT, 0.1037
SHIP, 0.103999995
DFP, 0.1041
EMD, 0.1041
PMD, 0.1041
TEI, 0.1042
JRI, 0.104399994
DMA, 0.104499996
ECAT, 0.104499996
JCE, 0.1047
LU, 0.1047
LGI, 0.10479999
BGH, 0.104899995
CHCT, 0.104899995
KSS, 0.105
BBDC, 0.105100006
KRP, 0.105299994
SLRC, 0.105299994
ASC, 0.105399996
NML, 0.105399996
FOF, 0.105500005
GLQ, 0.10560001
WBA, 0.105900005
AGNCN, 0.106000006
BWMX, 0.106300004
FGB, 0.1065
IAF, 0.1067
GDO, 0.1069
CIB, 0.107
HIO, 0.107
PFLT, 0.107
SOHOO, 0.107
DALN, 0.107200004
NPFD, 0.1073
SOHOB, 0.1074
STRRP, 0.1074
FRA, 0.1075
BIT, 0.108100004
FBRT, 0.108100004
CGBD, 0.1083
IGA, 0.1083
JKS, 0.1083
DSU, 0.109
RLTY, 0.109
AWP, 0.1091
GLO, 0.1091
GLV, 0.1092
JLS, 0.1092
AMBP, 0.1093
CATO, 0.1093
SSL, 0.1095
ARLP, 0.109799996
POWWP, 0.1099
GUG, 0.1101
SOHON, 0.1101
UNIT, 0.1101
BCAT, 0.1103
BGT, 0.1103
IGD, 0.1105
NXDT, 0.1107
DMLP, 0.1108
GAB, 0.1109
IFN, 0.1113
AIO, 0.1116
SCM, 0.1116
HQH, 0.111899994
HTIBP, 0.111899994
PCF, 0.1121
FTF, 0.11229999
MFIC, 0.11229999
FCT, 0.11270001
BDN, 0.112799995
ISD, 0.112799995
NPCT, 0.112799995
JQC, 0.1129
ARI, 0.113000005
EOD, 0.113000005
GOGL, 0.113000005
NMAI, 0.113000005
PHD, 0.113000005
ABR, 0.113199994
DKL, 0.113299996
HTIA, 0.113299996
RSF, 0.113299996
FSCO, 0.11359999
GIPR, 0.1137
MFA, 0.113900006
PFL, 0.1141
PFN, 0.1146
TRTX, 0.1146
BGB, 0.1148
AIRTP, 0.115100004
IHD, 0.1154
JFR, 0.1154
MSD, 0.1155
IAE, 0.1159
ARDC, 0.1164
PMT, 0.117
IIF, 0.1172
RILY, 0.118
GUT, 0.1183
RA, 0.1185
NMFC, 0.1189
JGH, 0.1193
PCM, 0.1193
HEQ, 0.119399995
FATBB, 0.1195
LOMA, 0.1195
PHK, 0.1195
CPZ, 0.119799994
FAX, 0.119799994
COHN, 0.119899996
NBXG, 0.1201
TECTP, 0.12020001
TXO, 0.12020001
SUNS, 0.1204
FTHY, 0.1205
GHI, 0.1205
BRSP, 0.120799996
BGX, 0.120900005
IGR, 0.12100001
STLA, 0.12100001
FLNG, 0.121700004
GHY, 0.1223
MNDO, 0.123100005
REFI, 0.123100005
ACV, 0.1233
EHI, 0.1233
NCZ, 0.1233
CIVI, 0.1234
PRT, 0.1234
SAR, 0.123500004
BBAR, 0.1237
SITC, 0.1237
IRS, 0.1244
MEGI, 0.1244
EFC, 0.1247
NCV, 0.1248
MRCC, 0.125
AVK, 0.12529999
FRO, 0.12550001
NRT, 0.1262
LFT, 0.1265
WHF, 0.127
USEA, 0.1271
DSL, 0.1275
FDUS, 0.1277
HFRO, 0.128
THW, 0.1288
KIO, 0.1296
GCV, 0.1297
DMO, 0.1301
LPG, 0.1301
HRZN, 0.1302
AFCG, 0.1304
HQL, 0.131
SQFT, 0.1314
GSBD, 0.1318
SACH, 0.1322
CCD, 0.1329
HIX, 0.133
VVR, 0.133
NHTC, 0.13319999
FGFPP, 0.1333
OCSL, 0.1337
INSW, 0.1341
WDI, 0.1345
AOD, 0.1351
FSK, 0.1351
JFIN, 0.1351
NHS, 0.1351
PSEC, 0.1351
BWG, 0.1354
NLY, 0.1356
SID, 0.1358
PBR, 0.1361
PNNT, 0.1366
BRW, 0.1373
GNL, 0.1378
AOMR, 0.1384
PAXS, 0.13939999
HGLB, 0.14
NREF, 0.1401
SRV, 0.1402
TWO, 0.14050001
EARN, 0.14140001
VGI, 0.1416
PDO, 0.1421
GECC, 0.1426
FCO, 0.1433
NAT, 0.1433
SRL, 0.1433
VIASP, 0.1434
CDZIP, 0.144
ICON, 0.1441
DX, 0.145
OXSQ, 0.1453
PGZ, 0.1458
BRY, 0.147
TRIN, 0.147
SBLK, 0.1471
CRF, 0.1476
AGNC, 0.1494
VOC, 0.1497
PTMN, 0.1505
ARR, 0.1508
EIC, 0.1514
NYMT, 0.1515
CCIF, 0.1541
RIV, 0.1543
ACRE, 0.1548
CLCO, 0.1549
XFLT, 0.15720001
ICMB, 0.1579
MVO, 0.1592
SQFTP, 0.1603
VALE, 0.16149999
TCPC, 0.16370001
EDF, 0.16399999
OPP, 0.1649
RC, 0.1664
PDI, 0.1665
OFS, 0.16690001
DSX, 0.1674
CLM, 0.1692
RWAY, 0.1729
NEP, 0.1762
TPVG, 0.1765
ECO, 0.17729999
CHMI, 0.17909999
GOF, 0.17930001
ORC, 0.1844
ACP, 0.1846
GGT, 0.18969999
FEDU, 0.1902
IVR, 0.1925
OCCI, 0.19629999
HAFN, 0.1973
RILYL, 0.19780001
NXG, 0.1999
RILYP, 0.2001
ECC           , 0.20040001
OXLC, 0.2061
QRTEP, 0.20639999
MNR, 0.21620001
FATBP, 0.2173
LUXHP, 0.22379999
TRMD, 0.2283
CUBA, 0.23040001
KEN, 0.23709999
BWLP, 0.2466
IEP, 0.2582
BMA, 0.2727
MED, 0.3441
FBIOP, 0.3714
EC, 0.3725
CMBT, 0.473
CMCT, 0.66269994
SOHO, 1.4599