Ticker,Sharpe Ratio
BHRB,1.4803479050031578
RCAT,1.1976606531239753
AAPL,1.158939277496346
BLFS,1.1214297479602566
NVO,1.105539200998738
MNST,1.0966117758000558
CODA,1.0738953411903887
HGBL,0.9937468522565459
BKNG,0.9861235089546595
CYTH,0.9348868981289662
SMTI,0.9241574841695983
USIO,0.9231326217309606
DHIL,0.9129684970483806
ILMN,0.8982486173397931
BRFS,0.8971224664590094
SBAC,0.8885951654874836
VRME,0.8827448979378515
BAP,0.8767431079002221
BCDA,0.8646637754278209
UVE,0.8478417859947934
INTZ,0.8441068632424097
NKE,0.8431742049289304
KRMD,0.840160102638775
IIIN,0.8229741523660045
ISRG,0.8217998907888344
ABEV,0.8212400533014251
MO,0.8123681035959569
GILD,0.810279169943128
CLB,0.8069946854833797
NATH,0.7960381736179025
AIRI,0.7945685839396758
VHC,0.7944456294009494
NXPL,0.7933073975424145
SRE,0.7830418379985634
CIB,0.7811376933579071
UHAL,0.7800443748882457
AXGN,0.7787583160269169
SCWO,0.7783940375419797
NEU,0.7747641054913362
DXPE,0.7710227933173728
TPL,0.7663445566854761
REGN,0.7658794221605479
MIDD,0.7635321979425167
BCPC,0.7550736965513092
TYL,0.7526059531174029
UAMY,0.7508099468141776
SAM,0.7490777181013112
ATRO,0.7456372198198095
BPT,0.7449837375931737
MLSS,0.74087149235124
EP,0.7395119922969259
PRGO,0.7358686387052911
CIG,0.7278376148188149
PHI,0.7271854667152426
CHD,0.7264731721500877
TJX,0.7209931901988006
MITK,0.7160876929654456
BTI,0.7144987017808273
LKQ,0.7088907164295596
VFC,0.7054186394369526
SHW,0.705190202118576
ASR,0.7038291343171623
CNI,0.7029973891189526
PRTG,0.7022585364746812
HCSG,0.7009654074407691
AMT,0.7008743164998447
OKE,0.6989838870421479
DENN,0.6967783968769856
HLIO,0.6958539821986405
AZZ,0.6946440263364729
CLH,0.694180649673093
CMI,0.6922161892375415
ARLP,0.6904054166945064
UNP,0.6896943838394344
DECK,0.6850699351722482
EW,0.6838931494969581
LNG,0.6796580614466151
GHM,0.6795057994125482
ENB,0.6786794809491277
CTRA,0.676236370564779
FTI,0.6753331594162765
CACC,0.6748032594308545
ORLY,0.6745859268790053
UTHR,0.6719308249350204
MRKR,0.6709870932583085
PSMT,0.6694488111318802
RRC,0.668585417522956
MLAB,0.6673409979089359
WAB,0.667094421679775
SEB,0.6670616770734964
PAA,0.6669503982643742
CPSH,0.666720475213461
SILC,0.6656462735956842
NFLX,0.6649630797114553
AME,0.6645647398669215
HNRG,0.6644842051569708
OII,0.6642044011588245
OHI,0.6598407118055576
DINO,0.659207088551812
EPD,0.65783289007373
WYY,0.6562242519276736
RIME,0.6523448494641848
ENSV,0.6519159078923301
FMX,0.6496366115933672
ODFL,0.6490615997087364
TRAK,0.647505882257449
BBD,0.6455725057598874
SR,0.6439917464445015
TTC,0.6439029870925727
MCK,0.6435555879942061
RES,0.6430029941246526
WYNN,0.6420602102700907
ACHC,0.6398207530093505
WCC,0.6391397295448465
NHTC,0.6370411137859786
CP,0.6365544481662131
UGP,0.6364263715228281
GEL,0.6360199134664348
FLS,0.6355311875907291
MCD,0.6354568431670606
TU,0.632564033159592
BMRN,0.6317480112483135
INCY,0.6312084196351516
BFH,0.6305439627072482
USLM,0.6279655623135173
HEI,0.627833287924625
WST,0.6274405913964065
GWW,0.6251664020845102
MTD,0.6235349362357359
INVX,0.6232159599069688
EQIX,0.6230262752785642
OPK,0.6229956862626601
DORM,0.6218027371979171
HURC,0.6217674952866049
BIIB,0.6209076946004789
HDB,0.6205454953802856
PII,0.6205361272498028
HUBG,0.6195599647506994
CMS,0.6174380279873796
SLGN,0.6173959490041752
ANDE,0.6154688584750474
FLUT,0.6154678254222911
LMT,0.6150785872314821
CALM,0.6129465949256928
BKE,0.6129139273865174
COR,0.6129020182758984
WMB,0.6123320500185581
EOG,0.6104686447985224
OZK,0.6103345697200656
AZO,0.6098556646503825
HRL,0.6097995896027725
NEOG,0.6091545380070894
ANSS,0.6082268167233892
DDD,0.6081454290035202
CTSH,0.6077588404640937
VRTX,0.6034522731689018
CSX,0.6024853452186067
BLK,0.6011930862622534
HSTM,0.6011363547663942
FMC,0.6003356387994565
VSEC,0.5989799201346634
IEP,0.5978521999611094
ROST,0.5977646099938426
RDNT,0.596672413886089
AYI,0.5955592825947713
CRWS,0.595328156001934
LFVN,0.5950379915374449
MXE,0.5949211167800559
GIII,0.5944472209511741
FC,0.5935193721281574
HQI,0.5934258220888791
DUK,0.5932647465012885
PZZA,0.5929537382475399
IDXX,0.5927430969109155
NTES,0.5920390262220996
SCCO,0.5895984417993289
SF,0.5892412309999498
GIL,0.5887571988068901
DVA,0.5886928324910827
NSC,0.5875042757912239
ROP,0.5872201854264115
RCI,0.5855680778765582
BN,0.5834215177999762
APH,0.5829470958378504
CCK,0.5824840507482364
FFIV,0.5819939971421122
MMS,0.5813735633727376
OSPN,0.5806537804008173
UGI,0.5804147891970651
BOOM,0.5774167497949263
WCN,0.5772430579824483
WEC,0.5762599479487305
ATNI,0.5749229984502559
CME,0.5739879990022134
NPO,0.5738157241386312
KEX,0.5728101017432607
GEO,0.5723018572760189
NOV,0.571848935217145
TSCO,0.5709678354229855
CNQ,0.5705011524596599
TISI,0.569903849209833
LECO,0.5695806987938166
JBHT,0.5690175227164151
JJSF,0.568707029803675
BHC,0.5673823019339835
CCI,0.5669350451322169
SHOO,0.5663459980032451
FIZZ,0.5659207101130016
FSTR,0.5658727170805004
PATK,0.564789907254846
EXPO,0.5645190668169401
CVS,0.5643595830498569
AXDX,0.5632332984442185
UFPT,0.562932152814206
SQM,0.5629241619928707
IONS,0.561528044650744
JACK,0.5614095603086896
TS,0.5613913296482627
ASML,0.5604989339777264
MSB,0.5600562628935656
CHE,0.5600326741513395
CM,0.5588740313353099
EPM,0.5584647687544262
GIB,0.5582664447714161
WSO,0.5579305827502813
ECL,0.5579284270709315
THRM,0.5569628609724911
CCEL,0.5558574042456019
SIF,0.5549795306540175
EMN,0.5548135925207645
WDC,0.5541831398794814
ALK,0.5536877212290269
SRCL,0.5531921305533207
PKOH,0.5530750833541539
TCX,0.5522374505511594
MEOH,0.5520431107048025
SNA,0.5517553231293826
PVH,0.5517300763032875
COST,0.5514421041178701
GME,0.5510166676805103
LTC,0.5508003400054089
NHI,0.5505797836754981
FCFS,0.5505546764258206
RDY,0.5505312672905368
DWSN,0.5503759248541538
EGAN,0.5494904011642117
AIFF,0.5490396084389256
MNRO,0.5484083674603923
ITUB,0.548370878806835
IT,0.5479460307429627
GPC,0.5469105057557387
HUM,0.5461153278801775
NEE,0.544693896736471
SBS,0.5440069627059473
DDS,0.5439909898551473
SKX,0.5439759522997667
OIS,0.5418090713599851
JLL,0.5418024371485557
HP,0.5409457405070334
PHX,0.5406328671557654
OGE,0.5404924844025154
ACGL,0.5402241470332768
DJCO,0.5398466547108546
IDR,0.5397924512774058
AVNT,0.5392817658184593
SOTK,0.5390604751388433
CECO,0.5390587785536743
BMRA,0.5388891722334699
TDY,0.5381778346935459
WWD,0.5369070576149252
LII,0.536095724777995
KOF,0.5351342091828055
RUSHA,0.5350977316796239
VMI,0.5348429127202337
SIM,0.5340638928573775
RL,0.5337651869517275
YUM,0.5334389920816569
BDX,0.5329363491214362
SSYS,0.5327629199893957
HOLX,0.5326584017524572
DAR,0.53155791171898
AAON,0.5310922492153591
TWI,0.5310031358076887
SYNA,0.5298947803606003
BMI,0.5289817305653276
ROL,0.5289402138340031
STZ,0.5279359596904389
NOC,0.527910044789702
TMO,0.5275092926724652
SWKS,0.5264924727462665
HQH,0.5262264068752454
CIGI,0.5260130479479871
AON,0.5257051405230345
PRAA,0.5240131034328549
HDSN,0.523378165723999
CPRT,0.5219655749183704
OTEX,0.5214043033563416
AMX,0.5210761059200023
MXF,0.5206785119685562
CLFD,0.5206466177553036
CNC,0.5203553046956328
SCI,0.5198903484922771
RMD,0.5194321542581721
TWIN,0.5191462804607971
IEX,0.518864274267618
DLTR,0.5182964715027119
GLNG,0.5174292993617521
BALL,0.516332925930816
AAP,0.5161149294654851
MOS,0.5160936829346323
OXY,0.5160478432146371
CVCO,0.515592289778578
TD,0.5148659004737062
MTN,0.5144468344889315
HXL,0.5144341581536886
PSA,0.5125229987506903
FDS,0.5123107709864513
SAFT,0.5122645159357235
LCTX,0.5118394854056444
AOS,0.5109682963140562
UNF,0.5085983756729383
XPO,0.5083929413691018
CXW,0.5083598838209585
ONIT,0.5083171487904321
ALX,0.5072211415132236
MLI,0.5070152206293834
SPTN,0.5069872780488274
ESLT,0.5068646773393843
CASY,0.5067161149426944
BBSI,0.5062851095457404
EQT,0.5058514526259054
CB,0.505753343554172
MYGN,0.5056550305708599
AEMD,0.5052476177223142
FLO,0.504582732062619
AIT,0.5035843473725391
BWA,0.5032149322257216
EXP,0.5027348717188763
PLX,0.5021474350546727
SPG,0.501668079251329
URI,0.5016118736981214
EIX,0.5015842247108246
LNT,0.5015130150663937
PKG,0.5009943310140537
BCH,0.4993009031785289
PPG,0.49921013792794505
SLNH,0.4988557140706038
EGY,0.49883995077920085
TRMB,0.4975419041748076
CRI,0.4974979327228437
PED,0.49688126514987435
GD,0.49674795232051633
PLUS,0.496673804388657
AMZN,0.49662188079426645
VLGEA,0.495981181235747
VTR,0.4959081704790469
VLO,0.49589193857168845
NDSN,0.49583388157802977
CVX,0.4955940415179318
ADSK,0.4953832312534777
RICK,0.49507688630319313
WHG,0.49425393516436555
RLI,0.49415133018594537
CSWC,0.4941079016964572
MANH,0.49373624920430187
JWN,0.4932357273027269
GBX,0.49312110357329125
CASS,0.4926029997004166
JCTC,0.49257900566904295
ASGN,0.4917366317950025
FOSL,0.49166749865383136
KR,0.4911714223575818
CI,0.4909982330005512
SBUX,0.4904489037034548
MPAA,0.48959498958789177
WKC,0.4892624948995188
D,0.48905182677160025
INGR,0.48720009282236826
LXU,0.48657062438889076
SKT,0.486508070279703
IOSP,0.4863414425634341
RY,0.4853879493710119
LIN,0.48408132989054065
PEGA,0.4839464966480357
ALB,0.4834157112550021
ANIK,0.4832465616318787
MD,0.48305496788577434
CVV,0.48270296636542753
HES,0.4826526449564256
NTCT,0.48217061258412014
STLD,0.481489136860512
GPUS,0.4814564558191685
FMS,0.48106013671501996
RPM,0.4808658185124719
WHLM,0.47983169299092876
CSV,0.47950768778723374
LHX,0.47900891881217145
CHH,0.4786769790478259
RUSHB,0.47771981175037764
AGX,0.47732711228339064
DTE,0.4761474565847171
DHR,0.47546149394752274
NUE,0.4753439326993729
DIS,0.4750682251621622
ATR,0.47458723883837234
MNDO,0.47388132294618346
ES,0.4738727840226499
ITT,0.4738644921166182
SMP,0.47377741401538787
COP,0.4733021991021649
HAIN,0.4731698676576194
ICLR,0.47302448300916017
ABG,0.4728736906406119
PNRG,0.47241730078262467
CVGW,0.47141917309540654
CNP,0.4713073705761531
PPC,0.47097553634877737
FRT,0.47087000495342407
NDAQ,0.4698699509237194
SSL,0.4696610961872293
IBN,0.4692139698169299
WRB,0.4690885288225813
ARWR,0.4689821314065435
SLP,0.468282732350839
AVB,0.46712398866430893
RGEN,0.4668428953717951
AE,0.466082103174051
AKAM,0.4656463859226647
HSIC,0.4651650357489665
XEL,0.4648695547197205
PTSI,0.46482180201025275
WINA,0.46449877046382126
TECH,0.463993550819868
SBR,0.4639065874216974
TRP,0.46373173627386216
TLK,0.4632949067882249
ESS,0.4632745331420686
ATO,0.46252965635944004
SGRP,0.462460122679731
GRC,0.4622460708745202
ADP,0.4619583952178708
SXT,0.4616727164130733
WKSP,0.4615129973323389
KMB,0.4612160844455137
HAL,0.4611779191492476
WPC,0.4609905908446873
AFG,0.46072915820480614
HON,0.46061494830696065
PENN,0.46029374842703213
SAIA,0.4588043494259692
GEOS,0.4587267247979752
BHP,0.4584035379429068
CHKP,0.45840048822430757
SWBI,0.45838160081769747
CRS,0.458220880469779
TRN,0.4578609792788389
VALE,0.4573357950146138
APWC,0.4573116572634553
PCAR,0.45686915396442335
EZPW,0.4566951575201524
ATI,0.45641343854970534
TROW,0.45608696098878077
CPK,0.4560600104711477
CHRW,0.4557982895553244
ELP,0.45568351328553
APOG,0.4548032428070961
LSTR,0.45463780945361576
WWW,0.4545915462563977
DSGX,0.45438621998351225
GF,0.4543368824271248
CMCO,0.45375318252227437
IFF,0.4533041863702081
EL,0.4532882585835496
NFG,0.45284761936341567
MRO,0.4528020224502647
SLB,0.45266545108086587
FAST,0.45149252590409955
AWH,0.45100808571907824
CMT,0.4501271258945906
KWR,0.4495962090104878
ACN,0.44927615608119714
WILC,0.44880944806213646
RS,0.44855932637793694
AGI,0.4485556484135436
WOR,0.4480181056639554
EME,0.4476130936802739
TKC,0.4472626988664707
HQL,0.4471068502279967
ALNT,0.44626173400812613
LMNR,0.44622412907216985
RDCM,0.44578446785071335
ROK,0.44550736399703
NGS,0.4451082610615692
SBGI,0.4450611224824334
CL,0.4450551140515469
MIND,0.4444595376805035
LSTA,0.44306615577376235
ETN,0.44207318371031
NVDA,0.44157139906949
FFIN,0.4413063104620745
MPU,0.4403397428574233
REX,0.44033531597942693
UHS,0.4402654657850679
LWAY,0.44023807133965487
IPA,0.4400098834137534
PH,0.4397748347684245
AZPN,0.4397420201946617
AXON,0.4394661102604654
TCBI,0.4391304214323757
FI,0.43865146973167213
PHT,0.4382074375089177
SHEN,0.43792314196365034
HWKN,0.43788170208703536
BNS,0.437823029960113
BEN,0.43760867207160126
LAD,0.43739983851073705
VHI,0.4373782565726808
TKR,0.43714989918723574
VRSN,0.43693165759514757
BKTI,0.4364925947606881
SBSI,0.43596761871433726
GTIM,0.4355578893001149
BXP,0.435555990245704
DEO,0.43544309678758625
DKS,0.4353148045377245
PTC,0.4352268246388436
BBWI,0.4351422277941703
NNN,0.4351305350192925
GGG,0.4349148120750886
UEIC,0.43454716946351796
ADM,0.4343054015605467
MKC,0.4340503782618524
BA,0.4336523912469637
NX,0.4335647277099543
APD,0.43287124899281554
NTIC,0.43285444838625126
MEI,0.4327699448652633
AKR,0.4326820663074261
O,0.432564067756097
ALRS,0.43207918625523556
IFN,0.43207569523969863
ALKS,0.4320042716083715
RGR,0.43198111207249035
LCII,0.4319223086885936
TSI,0.4317148326246426
YHGJ,0.4316685708745687
SWX,0.43146790886998254
AMG,0.43126423448399276
GCO,0.43122387757717406
DX,0.43066880926781836
KTCC,0.4305413077634091
SNEX,0.42994649380591
BLX,0.4298524714589538
WRLD,0.42976057633454573
SCL,0.4297493524638054
SGMO,0.4297425709834109
GIS,0.42973921547192373
GGB,0.4296532450775881
HIHO,0.4295527932406095
EGBN,0.42897888978806
CNX,0.4287253255434766
RMTI,0.42869711878128924
CPSS,0.4285732406719871
APDN,0.4282877551313129
PTY,0.4282120993800123
ACU,0.4279550131785189
MTW,0.4277880568741599
GPK,0.4275268814504203
MODV,0.4274443581189537
AWR,0.42742909547436636
PWR,0.4269831164442003
IMKTA,0.4268990371459901
GES,0.42659138687141046
TV,0.4258999601620679
BMY,0.42554920504820587
SNDA,0.425531240222411
BSAC,0.4251954042014788
CW,0.4250377074553503
AEP,0.4249950909082807
PAG,0.42455354511475907
PNR,0.4242294265671782
IMO,0.42391939204084694
NEON,0.42373937437264325
KO,0.4234120624776586
TGI,0.4233961861609398
NJR,0.4231992689092593
WELL,0.42309817878529943
INTU,0.42233416602956037
ASH,0.4222188581498917
PUK,0.4217203510650004
APTO,0.42110474308560686
FRD,0.42104350415668124
SM,0.42062403426538303
BDL,0.4200141938502231
FIS,0.41987105189846397
WIT,0.41905066988721007
UTMD,0.4187915813738587
UNH,0.4187594831544629
TNC,0.4185512644834953
RJF,0.41834557590576993
NI,0.4180539888126646
IMAX,0.4180250146376
EFX,0.41762403677566057
EXAS,0.4176191913832978
SLG,0.416200225197654
ZD,0.41593934300905666
GPN,0.4155525764160758
RBA,0.4154109123286288
ZEUS,0.41540948308486964
CZFS,0.41536843426428266
STX,0.4145179058737387
CNXN,0.41443827321296134
BRKR,0.4144064944434086
FLR,0.4142172076343708
FIX,0.4140503152020559
INFY,0.41394134919887593
CCU,0.41378380162121847
NEN,0.41369084427431696
FL,0.4127657827918977
BCE,0.41245198526410887
VIV,0.41221594732553407
TAP,0.4121983068002885
LNN,0.4118286012691777
DMLP,0.4118284133290326
MAR,0.41155865631640604
R,0.41105857998929846
ESP,0.41093189187641027
POCI,0.4107410900545054
GT,0.41056909237550454
ATSG,0.4105624284979198
SUI,0.4102506226601775
ACTG,0.4102288282717058
CLF,0.4101539983474466
CHSCP,0.4100974795922055
TZOO,0.4097362172146641
SWK,0.40971280092198514
IDA,0.4095570748919825
MSM,0.4095427456852469
TRNS,0.4094902970573404
BCLI,0.4092226695197285
NVS,0.4090954447869063
CHT,0.40842650313595513
COO,0.40819382707423535
EVRG,0.4079455908548398
NHC,0.4077912070775727
OSIS,0.4068484009563329
SID,0.40683641194131004
MDU,0.4066726724048171
MUX,0.40620098329909987
FRPH,0.4059591541198253
CATO,0.40530029543397367
HSY,0.4052961324394332
NICE,0.4048791795612277
BDC,0.4047690218969942
ARTW,0.40454703709528583
TECK,0.40450983792629674
SNFCA,0.4044797077586814
BAX,0.40388069304140617
SIG,0.4038140242762062
ANIX,0.4036267954085992
WAT,0.4034433851049036
ELV,0.4031071945580953
MCO,0.40304315774254373
CKX,0.4027811367796913
JNJ,0.40242912462233293
SJM,0.40200382374154714
HD,0.40184629059439797
XOM,0.401715530876913
IIF,0.40155781313493105
CAT,0.4013773880598708
STE,0.401139446984855
WULF,0.40106916128345604
TBRG,0.40078743553785334
SMID,0.40039072833833
TSM,0.4002487709447343
ELS,0.400003126510483
CSGP,0.39989763811146956
IHG,0.3997331527236213
BBAR,0.39966258890436146
CSL,0.399536142923576
CLRO,0.39934062838897216
PCH,0.3990533879345279
MTRN,0.3990111924922773
MAYS,0.39888463156301945
RYAAY,0.3988788966271621
JKHY,0.3985747019020829
DIT,0.3983882872565482
QDEL,0.3982599220136851
GATX,0.3981944449079377
ALV,0.3979484614754769
ODC,0.3977515730330147
ALTS,0.3976893270059209
SNGX,0.3975250597622468
CHDN,0.39715822381196403
CCEP,0.39707222548581234
ELA,0.3968972134136521
TAYD,0.39683858854829107
SHG,0.3968290837702165
GEF,0.3967275619931577
IVZ,0.39660834752539553
MGPI,0.39640258969419234
HUBB,0.3960895768703563
T,0.39554478625227973
RGCO,0.3954232424436742
NC,0.3952125311659126
USAP,0.3950802973797555
AIRT,0.3949392623645823
TRV,0.39485637865214723
MGRC,0.3947363819541181
MAA,0.39466459039038
IPAR,0.39456507356048975
LANC,0.3936750735219971
ALGN,0.3935391259261483
CMCL,0.3935289064395565
EQR,0.39312335802483944
SXI,0.39311207155564803
ECPG,0.3927399253554383
KINS,0.3927378285229144
MGEE,0.39271247821098465
MLR,0.39233500216599243
MSA,0.39215327298503094
UG,0.3917726765617901
UNFI,0.3916841690810219
CMC,0.39142220444514414
CBRL,0.3913742866979618
BG,0.3910605788555729
GALT,0.3910043236139557
HAS,0.3907150849966592
EQNR,0.3904137260269158
INUV,0.3901981301068245
RGLD,0.3901446851493367
TDF,0.39002565763438685
FT,0.38986058192618994
ALG,0.3895926679897607
FUL,0.38958137410474203
MCRI,0.38932482824227044
PPIH,0.38873791113932743
TPC,0.38828509122514987
LFUS,0.3880941355327523
CAE,0.38802158009988386
WTS,0.38785418367432756
DRI,0.3873220805274122
SU,0.38682372014433536
PBT,0.38652506118631424
DE,0.3863559882749741
GCBC,0.3862660584576639
ORCL,0.38610518874244143
DIN,0.3860687941712427
WDS,0.3860179351081302
EPC,0.3858787217642271
ESGR,0.3855727623216806
PCG,0.3852010467473425
ASTE,0.38455908602186956
RRX,0.3844353682830527
CGNX,0.3843313116162605
NR,0.3840240284733599
TEO,0.3838716680416835
URBN,0.38383441862457357
MLM,0.383351984949427
ASTC,0.3833494535232399
EVI,0.38299583266972637
ABT,0.3828059834360588
AWRE,0.3822502258424522
EEFT,0.38218243246802874
FORTY,0.38133845159480023
NPK,0.3812684804418802
CLX,0.38075894986140124
QCOM,0.3806108994563399
RMCF,0.3805818920965952
ASRT,0.38042210599668935
UL,0.3798572376133704
INTT,0.3794947461904636
RYN,0.3792727785510063
RTX,0.3791896975871656
LPTH,0.37905551841154345
MOV,0.378943177672116
WTRG,0.3785415298759692
SNBR,0.3783834287270681
SPGI,0.3783695233002338
ADBE,0.3774409193251943
BJRI,0.3772693447578373
SMBC,0.37688479506475187
CENX,0.3768400185800189
EPR,0.37633645240128216
CDZI,0.3760977200850951
AAME,0.37478811138932144
BCRX,0.37471345618174906
USNA,0.3742106641430919
KFRC,0.3738670732388908
ITW,0.373741462808689
EDAP,0.3734183612329527
TILE,0.3728267859056538
TFX,0.3727709862916045
ED,0.3727694339112098
PMD,0.37264133125802557
SKE,0.3725977746546394
WLFC,0.3723903700249518
UHT,0.3723194820050904
PNFP,0.37228785575444867
PHK,0.3722804335844392
MGA,0.3720278925201326
CHNR,0.37164423562504606
MCI,0.3714916361682674
MOH,0.3714056646037783
PRA,0.37134603115542264
VRN,0.3713168768034057
DIOD,0.3711261074086814
KRC,0.3708180910444982
RIO,0.37066139539577
NSSC,0.37050163844312156
WHR,0.37044631080082097
IRM,0.370401427117831
CAR,0.37020322921575843
MED,0.3702027871472956
IHT,0.3697666708892904
RFIL,0.3689262786296977
DCI,0.36886330775188303
SPH,0.3687832539083998
WVVI,0.3681235254859748
ARKR,0.3680098631944889
LPSN,0.3678916792767511
KMX,0.36749906443031494
HAE,0.36749725929770993
CTAS,0.3674185378176484
ERIE,0.3671372301190745
WWR,0.3663231361680403
B,0.36618861435257577
SPNS,0.3658308420652757
RSG,0.3656215295443031
AVA,0.36521195013820335
CCOI,0.3650839093114947
PRG,0.3649311293128954
GENC,0.3648150764316427
CLWT,0.3644142916816888
SO,0.3643087495556761
PCN,0.3636284681501148
CIX,0.3636090314141519
HLX,0.36347199263687935
AWF,0.3634555988989756
RDIB,0.3634331424150779
GTN,0.3630263908810519
HUSA,0.36235200286236674
L,0.3622519512778661
KNX,0.36218340575603053
MATV,0.3615908469155655
HMN,0.3610950178172325
MERC,0.36103012482574764
PB,0.3604496181607946
VZ,0.3602678076100425
PRU,0.36018656227114404
AEO,0.35996906514081106
PEG,0.35933749819336097
DOV,0.35907246709986707
GIC,0.3586238371514568
OMI,0.3585219444872958
PEP,0.35835315274572377
IOR,0.35796658526198166
LEG,0.35785068666645664
RAND,0.3572813357325957
WT,0.3571225374969549
LINK,0.35700662860669585
TREX,0.35618911220365385
MAC,0.35598674905568284
PDT,0.35569535961965315
AN,0.3556558465152288
NNBR,0.3551614574216515
LIVE,0.3550374513338575
MSTR,0.3548462196552104
TEX,0.3545734747559451
GPI,0.35455196007489276
MATX,0.35431435281912427
THG,0.3537783989382281
SRPT,0.35349872972773516
IDCC,0.35343985788194526
EAT,0.3533918351801588
STGW,0.3532846943898123
CRVL,0.3530806593555829
OLP,0.35291754886142823
ATHE,0.3525788634060475
RAVE,0.35242585916741315
CRUS,0.3523821640195126
VNO,0.352269350427702
TSN,0.35203980961759324
WDFC,0.3518091983608905
BMO,0.3516760224633715
GBCI,0.3510439018541034
INO,0.3509852454222765
DDT,0.35083362385037575
BKYI,0.35074211701224567
TT,0.35038682005837624
SEIC,0.3502073890704603
DGICB,0.34932949459254015
NVAX,0.34858957200141144
PNW,0.34830977677825503
PBR,0.3483017716676614
TK,0.34818167846044223
NUS,0.34793249775793783
M,0.34789088429796594
FUN,0.3475992200146295
ACIW,0.34736901763979416
WMT,0.3469683525831462
HIW,0.3454046634254679
LKFN,0.3452966144907997
MPV,0.3452510597736134
AGM,0.34522747931710457
FWRD,0.34520261783916883
POWL,0.34482992532294376
MU,0.34464329170108876
IRIX,0.34374570182236436
HYB,0.3436894146583496
UDR,0.34330163044582374
KFY,0.34305345792606173
TIMB,0.3430173340967055
GROW,0.3429933793170952
VSAT,0.34295766502530195
ELTK,0.34264980830599245
ICCC,0.34251901275300983
AIR,0.3424303744487124
CCJ,0.34231733814901255
GRMN,0.3423052497296735
POOL,0.3421316203379629
CNO,0.342049892694068
DHC,0.3419262248776173
STRM,0.34186944648050244
GAB,0.34151889295939725
AMED,0.34136565124432877
CAL,0.3413387514366655
LH,0.34115124052511103
MRTN,0.3409564708970621
UFI,0.3403580607914865
MGIC,0.3402909367617962
UNM,0.3399936585883493
MTX,0.3399479510013382
HST,0.3397381191763645
NSP,0.33950384690253455
GGAL,0.33911954098181796
FBMS,0.33910194846678926
CPT,0.33891360257364034
GL,0.33873625180567285
RRGB,0.33861897217790116
RHI,0.3375758084761365
BYON,0.3374857282954703
RCL,0.33703062130955275
ABCB,0.3365289903327056
WSM,0.3358769238780306
EVC,0.3350546056638983
UMBF,0.33499189627348336
BANF,0.3349078648737565
OXM,0.3339448369682022
VERU,0.333818704720161
ESCA,0.333568151923802
RELX,0.3334813546745775
OMCC,0.33324831135362626
VRNT,0.3332183382683744
TTEC,0.33320276203174676
OLED,0.33288606290165756
PPL,0.33286232814799976
USPH,0.33285115740585913
PKX,0.33270502681802855
MMM,0.33238067002550553
CET,0.33196665672508935
SON,0.33141109320024165
SMG,0.3312525314213069
HELE,0.33104463274122997
SCHW,0.3308469103267922
BFS,0.33064516566588975
SIRI,0.3300200156624287
RHP,0.3293074298189134
AMGN,0.3291728503735481
LNC,0.32888513996063584
OMCL,0.3280833913968629
MT,0.32755211211819457
EMR,0.3272477879570226
NVMI,0.32659884982006204
MFIN,0.3252272557285754
AEHR,0.3252240860056156
TMP,0.32497882112617404
IAF,0.32456971251000516
LRCX,0.3242040706678798
FONR,0.3237357073251951
DVN,0.32371367606952905
AEM,0.32366894798731227
SJW,0.3231795773080139
PEO,0.32311879628200624
SSB,0.3230177693084556
FARO,0.3227415682214387
AXL,0.3226404125327626
CFR,0.32212298585475685
CMCSA,0.3217538028075895
BSET,0.3217056121037951
TGB,0.32145967639088485
IMMR,0.32141692842174485
DAKT,0.32141005065104516
JHX,0.32092202241256895
CHN,0.32054311254693907
AGCO,0.32040634445045457
NWPX,0.318971738367683
MMLP,0.3188303374716163
ACNT,0.3187554256987219
BMRC,0.3187299153871976
AXP,0.3183866788052581
CUBA,0.31836164870619554
CWT,0.317091769925914
WPP,0.31702821694302946
HTLD,0.3166506352186577
BKH,0.3163714016502659
AP,0.3163185109724173
MCHP,0.316286350581006
FLL,0.31549691768219307
OSK,0.3151460871128732
PLPC,0.31503391411196746
CGEN,0.31502601631164795
K,0.31470040212676414
TTNP,0.31469684318337254
SVT,0.3139507269451149
RDN,0.31351025753411926
NTGR,0.31308840925647535
AIV,0.3130734731900648
NHS,0.3129363891749099
WFC,0.31275759791676794
GOOD,0.31216390378761705
PG,0.31204813006380455
KAI,0.3109321051929221
MTZ,0.31066698238021606
LFCR,0.3099884809592384
MKL,0.3097163089662409
PFG,0.30953804528916523
GBR,0.3093852553963331
KEQU,0.3089665486131983
BC,0.30894022378361297
HBNC,0.3085686492702988
ADC,0.30846113668803615
RVTY,0.30836369359863686
DLX,0.3083428087228593
ASYS,0.30791724459521036
NOTV,0.30776478364328747
FELE,0.3077639148574999
REG,0.30769570193546475
PLXS,0.30759752562363063
ELLO,0.3075488199658069
DLHC,0.307355566847024
RCS,0.3066686330612935
LDWY,0.3061784157347809
FORR,0.3055974472559892
UTL,0.3052963537710975
MDLZ,0.3052310585640779
FCX,0.305209695878459
MUA,0.3047627708669885
MSD,0.3047616927207378
GOGL,0.3032456752925423
JHI,0.3031943594465518
COFS,0.3030611479245435
MSFT,0.3025749274524956
BHB,0.30236928450928513
SHYF,0.3023086318434706
THO,0.30226171116715306
CRMT,0.30164935155594474
NVR,0.3015113528776685
EMF,0.30126098058059314
REPX,0.3011508472677168
HIFS,0.3008254211091236
SRCE,0.30053385850817543
ITIC,0.300331464858832
GSBC,0.3000166145864107
CLMB,0.2998626079017039
CRT,0.2997645316418323
MTRX,0.29958147921189376
SSP,0.2994754666704751
LOAN,0.29933030337148037
STRL,0.29900702009832486
TEI,0.29890350386117387
ARW,0.2985415773517064
SIGA,0.2985113876699792
ADEA,0.2984776015319573
MCS,0.29810166574673724
COHR,0.2975078903095651
ICUI,0.2971831864851597
MXC,0.29705654740907794
AHT,0.2970245287005133
SAH,0.29657338986043674
SWZ,0.29552086891573265
FUND,0.2952535117526568
MET,0.29511657543241915
RNR,0.29495568442755893
SGC,0.2947062082939998
ENG,0.2946349971807932
ARMP,0.2941061245468449
TBI,0.29404557423778416
CNTY,0.29390284096106456
MUR,0.29362421896794294
CEVA,0.2935079942294734
WOLF,0.2931377985073786
WEA,0.29303917282015746
TLF,0.2928777353084415
FLXS,0.29270755376572455
FLIC,0.2926499608573644
STRT,0.29232888378215044
CASH,0.2921118355543398
WEYS,0.29182268030030617
CERS,0.291732354359568
CENT,0.29165886801662255
HYT,0.2907383923845111
KMT,0.290476185216309
INSM,0.29036844930834044
ASX,0.2896885983523281
WM,0.2895426538216941
MTH,0.2891542112992681
CAAS,0.28853552881677347
CSPI,0.2882627319801568
STRS,0.2881889978294614
CHY,0.2878966477719661
LZB,0.2877111125713289
EXPD,0.2875420511627482
GABC,0.28749533593836385
OI,0.28745637192994455
PSO,0.2873846215641146
NVEC,0.2873471940605607
LGND,0.2872497350219511
PEBK,0.28723311758845926
TCBK,0.28713022105837643
XRAY,0.2870997978076709
EHC,0.28708044675508104
OVV,0.2869968251277791
YORW,0.28686215607879223
JOUT,0.2866988453643591
HZO,0.2858651382927366
CMTL,0.2849609490981984
DMRC,0.2845313118992966
SNN,0.283941623153433
SCS,0.2839305167679302
PLD,0.2838505801705921
HCKT,0.283838904720147
ATGE,0.2836769037305809
WERN,0.2834102017264503
MAV,0.2828983182156239
MHD,0.28257222888067757
SIFY,0.28245056894726983
JPM,0.2824175222831972
MPX,0.2822929343353556
OBLG,0.28214161381855807
CAMT,0.2818965156569382
SMBK,0.2815382105099314
CULP,0.2814449231489998
X,0.281437626705523
DHF,0.28130280431548227
ATLO,0.2811934169527919
PNC,0.2810027271800962
CTS,0.2809293239870733
WF,0.28043661703804207
DRS,0.28030387438580046
IX,0.2800720813972477
BOTJ,0.2794622277439752
AGYS,0.27936395932180097
BLE,0.27933794341891527
BB,0.2790880425443739
COLB,0.27892061903628657
AZN,0.2786831060979009
J,0.2781539924020204
AEF,0.27813599343236983
TGS,0.27811411514629164
RVP,0.2778196266111931
CTO,0.2777627647819027
AORT,0.2774451888597065
STT,0.2770107782515001
VTRS,0.27700959369874417
AVD,0.2767354606608082
RMT,0.27637361072756195
KTH,0.2754621119405728
APT,0.27536025009531584
TXT,0.2753215413084914
VOD,0.2752473857937243
PCF,0.2752413279875007
RQI,0.27523719193220264
FCNCA,0.2749239384178385
DNP,0.2746694222469491
MAT,0.2743340171462439
CCRD,0.2741702550575313
GGT,0.2734397670127926
E,0.27311069733743043
MMT,0.2730719228787461
SPXC,0.27292783623710926
TM,0.2722319463554947
TEVA,0.2720551793768311
MYD,0.27166766501089135
IRS,0.27164729968819334
CVLG,0.2715821349377496
CBU,0.27157998545272494
CWCO,0.2712963813566496
SYK,0.2711502806433574
A,0.2711016013867567
AMWD,0.271090684546425
EQC,0.2709280514561011
OLN,0.2704225252377894
AXS,0.27030735394177946
KF,0.27021214130737925
MGM,0.27006847891826824
BBGI,0.26963775421221753
GS,0.26962348960189986
EPAC,0.26959574253703433
KSM,0.2695031453251186
AJG,0.2689979152338821
ADX,0.26860462823498965
KTF,0.26847807045257954
RNP,0.26833983859979993
PETS,0.2680414411408061
ANIP,0.2680262860719485
CVBF,0.2679397595985789
ITRI,0.2678451646414073
MYE,0.26774227299572967
BRO,0.26748222171363883
ETR,0.2673802673884405
MVT,0.2668494890033352
GIFI,0.266844232538552
SLF,0.2668057432687975
FDX,0.26680204001503005
AVT,0.2664813015441456
USB,0.2661845550244939
MTG,0.26616036936334153
EVT,0.26605275096834685
NWN,0.26580693775827474
CPB,0.2656662698770124
PCM,0.265488103806903
PLBC,0.2647417815383933
CSGS,0.2646986521232231
EWBC,0.2646437312316548
GNTX,0.2640922748909319
BKN,0.2640651395455219
SBRA,0.26397862169650427
AFL,0.26397384562516013
SIGI,0.2639259062235532
BFZ,0.2634698930213594
MVF,0.2633561345480728
GLT,0.26328963416967294
SOHU,0.2630687568421665
SRI,0.2629177520209434
ABM,0.2628366965736799
ON,0.2627010990454506
MMU,0.26207145245670826
HIG,0.261275888531299
RNST,0.26122939442362314
SFNC,0.2611692867124603
MSN,0.26071963960817623
SYBT,0.26062262734082925
APA,0.2604669593821313
GAIA,0.2603394969528744
OVLY,0.2601598918483775
GVA,0.2599621659552243
STAA,0.25976100059183177
YPF,0.2595440518234981
LARK,0.25954186407865226
TPR,0.2595137193746923
KIM,0.25950027601393055
RFI,0.25942242589256476
LOW,0.25929560996447554
BHK,0.25899928245001425
RBCAA,0.25897537145183824
EML,0.2588976229718212
QMCO,0.2585269721380072
CTHR,0.2581850061004461
CTBI,0.25791961150089127
WASH,0.2578424538574999
UFPI,0.257439686498542
SPB,0.25721719964296486
JOB,0.25713741514231725
PFIS,0.25693177239242804
CBT,0.25684981846842087
IP,0.256770090689517
CNMD,0.25635232147209563
WTBA,0.2563070871072575
VEON,0.25614255438856537
TEF,0.25596394892440166
GLW,0.25574483563306755
LUV,0.25568895118138
CIF,0.25532053974104163
ARE,0.25511292237256705
PWOD,0.25510360285324857
ALL,0.2549042893173917
CXT,0.2547904018072819
ELSE,0.25420320518897677
IAC,0.2540680208205738
TATT,0.25390270038981483
VICR,0.25367423028517566
JHS,0.2533371758514307
MHI,0.2532372857596459
SIEB,0.2531303436962592
NCV,0.252576544540667
WLY,0.252054407673568
PCYO,0.25134268606802507
USAS,0.25118815418975304
QGEN,0.2507760390227378
KEP,0.25067570554266394
ZTR,0.24952163110203032
AWX,0.24935511225730933
PLUR,0.24918692581757468
PPBI,0.24903207535502156
STKL,0.24896625469494707
SOR,0.24892037044201834
FICO,0.24816652114040375
ERC,0.248000181539678
WSBC,0.24741082614549365
MCR,0.24734612360459565
OMC,0.2470666198606371
NAT,0.24701619336296302
PCQ,0.24628256410966898
IDT,0.24613806640460598
WSFS,0.24601243361442152
UFCS,0.24565175713180312
FFC,0.24551172741624092
MTCH,0.24549171162579267
TRT,0.24531878814796085
SCVL,0.2447772842891046
BOH,0.24457090119683142
PFO,0.24451941932623164
SPE,0.24441831653729415
SVC,0.24435752911087608
EFSC,0.24426582373999212
BKR,0.24409874533354786
BCO,0.24368489486310943
WLYB,0.24364183514810717
NCZ,0.24352448154618958
HTLF,0.2435074683898259
JEF,0.24332443426364925
OSUR,0.24325861696030654
BOKF,0.24297805068895625
PTEN,0.2413041646330949
DGICA,0.24110704103604885
PLCE,0.24090271071562944
WBA,0.24036736715632356
NWBI,0.23994296314797275
COF,0.2399145277974514
WNC,0.23969251485731535
CINF,0.23960216416590796
SJT,0.23956463310636547
BFK,0.23937159552316703
TXN,0.23900997014436448
NL,0.23857957942133606
CNA,0.23831219463864003
CAC,0.23793995161950782
EBAY,0.23776431158949785
FNLC,0.2376517723430396
DHY,0.23758510552216083
SAFE,0.23749654308114992
RCMT,0.23745967583434824
TTI,0.23711829983391494
CYH,0.23708508621131466
NSIT,0.23706154000987814
HPI,0.2368980575095678
ARCB,0.23684011633537203
ASUR,0.23683822428079743
NWL,0.23649054300777494
BIO,0.2362597543538896
RVT,0.23617290125055032
GAM,0.23611062227566
DXLG,0.23608107373607554
CWBC,0.23593464784287363
HPF,0.23555339332494393
FTEK,0.23519009779628353
VECO,0.23509006407819066
ERIC,0.23497961041692517
PFD,0.23466000852399957
CHCO,0.2342895078578096
NEWT,0.2341536462400519
SSY,0.23413663503284352
CBZ,0.2339633098174558
IMOS,0.2338788204577271
UBSI,0.2336623604924233
LXP,0.23364380811848842
FCN,0.23343899772613694
HIX,0.2332272214824482
DOC,0.23310409468472607
AROW,0.23282396017603035
DHI,0.23281725337357795
MHK,0.2325522599699434
SAN,0.23232631271274704
IIM,0.23216832447238664
UONEK,0.23193580252431462
FLC,0.23182853836371317
MQT,0.23167961197108394
FFBC,0.23154633438529232
CLDX,0.231483380333975
UONE,0.2313327936506278
GNSS,0.2313306583394691
TAIT,0.2304563930608476
IBM,0.23039594396102664
NBH,0.23019349110578044
JCI,0.22984184475607214
PEBO,0.22976269956515352
DD,0.22858215968392534
LCUT,0.22848556658972805
FCAP,0.22820897316406422
JRS,0.2281693001842139
FMN,0.22775611541395752
TOL,0.2277327813577612
PMF,0.2275788106462609
CAG,0.22757457057407873
VYX,0.22755171839698518
ROCK,0.2275367680408199
PKBK,0.22743348330845206
SCSC,0.22705584526779696
CHI,0.22680229662402454
MQY,0.2265228116278879
CAH,0.2264944909049965
CYD,0.22620617024639156
AUB,0.22613060165038007
ERJ,0.22606718137112522
COKE,0.2257885274522321
SAP,0.22513373404133954
FHI,0.22508584185135982
DOX,0.22484666402108394
AXTI,0.22466243460250507
VABK,0.22457326421371868
INDB,0.22451765969940862
BRID,0.22441173346956267
HOPE,0.2241553886253612
PBHC,0.22408220239278542
BXMT,0.22378985253861475
NAC,0.22373731722433376
INSI,0.2230108072396105
EXC,0.22269585821845608
HE,0.22269345689250536
TY,0.22246275721696177
NTAP,0.222127756734056
CRH,0.22178680909611379
LEN,0.22131386667852884
NKSH,0.22130051877686271
EG,0.22115987946720778
MUI,0.22114784408152227
SNY,0.22114257956164804
TGT,0.22078493830150037
CIK,0.22073539425088962
BNY,0.22020978216887463
LGTY,0.22003317197632646
HOG,0.2198325445083453
NMI,0.21982338629758943
CRL,0.21901950810922832
AIM,0.2190113007873929
EFOI,0.21793756007195073
DRRX,0.21782144405883452
CEE,0.21692025721288172
LOGI,0.2163070872888185
QUIK,0.21626117527359362
BAK,0.2160632048804281
FISI,0.2157817502212399
EAD,0.21521462865462457
LAMR,0.21502596795465473
ESE,0.21488612017837924
KZIA,0.21470682749901807
ENTG,0.21466008260956826
CAKE,0.21456143675174771
TWN,0.2143969203984634
RDWR,0.21422804539763748
EHI,0.21383166192319408
HIO,0.21382372285671544
ROG,0.21365380044641788
MRK,0.2135286621722811
ALOT,0.2133381718011515
AB,0.21333559263459972
AFB,0.2133113820092047
PKE,0.2132275097434935
SKM,0.2131772031580207
VMC,0.21299055813479226
LYTS,0.21289583485986543
MFC,0.2128191380330563
VBF,0.21273685009583426
NKTR,0.21258618838758853
RDI,0.21256100215807477
NTRS,0.2122453626123
INSG,0.21207058284094107
NCA,0.21180889811729325
PPT,0.21172911889865065
TRIB,0.21160958378881414
CX,0.21134758756786107
HPQ,0.2112264590317148
NXC,0.21106668281321092
HRB,0.21095596624741836
FR,0.2107201955496708
HMC,0.2099842155694507
MBCN,0.2098291451003251
EMKR,0.20977600406402536
OPCH,0.2097166531626732
BLW,0.20971558884384325
NBTB,0.2094828120299426
GUT,0.20837677750125355
INTG,0.2082444263474741
TG,0.20737211857055063
POWI,0.20730929177591984
CARV,0.20724901489854333
DAIO,0.20692959637852396
CBFV,0.20640744004086628
AVNW,0.20633831759184929
SFST,0.20625400667198873
EBF,0.20552661188622443
MTB,0.20526955790302182
PIM,0.20459108516806965
DY,0.20447822598954027
INOD,0.20447751036224085
CBSH,0.20436653855278641
THFF,0.20424150945798392
GAP,0.20400852105155176
ASG,0.2039627567038359
PRGS,0.20364558155472423
BSRR,0.20261918420777777
PDFS,0.2025709179157799
EVV,0.20254262460837397
BRC,0.2023226702252133
HPS,0.20125639297086692
NRP,0.20083483755126905
WMK,0.20054072786191068
HNI,0.20010664673396045
JMM,0.19985639834620036
BK,0.19932211612168632
ISSC,0.19884015486770093
SBET,0.1987538830471942
MCY,0.19873979666334587
PLUG,0.19835461666911713
KIRK,0.198119431491995
MUE,0.19802457858200906
HR,0.1977693315995743
BBVA,0.1970005801188274
LAKE,0.19699812367296693
SSD,0.19659024341695006
CCNE,0.19619710598762405
PMM,0.19564261274534978
LPX,0.19554412285661418
F,0.19484432474073335
HWC,0.19464905400229673
MUC,0.19426215867951585
FTF,0.19423663231772376
NRT,0.19386449927561794
FBNC,0.19329533745749955
FORD,0.19321647274699136
USEG,0.19321605447059625
DGX,0.19318991464729024
AIN,0.19317772046430534
UPS,0.19302776730400623
FFIC,0.19268832364325683
BYM,0.19257321642151062
HBAN,0.19256883932572563
PGR,0.19238198512974958
PMO,0.19234886386381364
KLAC,0.19217922935644655
SEE,0.19150387310021738
MAN,0.1909614647464358
ARTNA,0.19071587951840396
DCO,0.19069630400395765
OTTR,0.19042720480497166
AES,0.19020565348177076
KLIC,0.19020390702940462
ZBRA,0.18941271856537298
TDW,0.18932960133992272
SMSI,0.18923025849691946
BELFB,0.18878380537299047
BGFV,0.18815892742653728
NZF,0.1871157678705786
FSS,0.18679552291250195
NWFL,0.18626213013115767
CIA,0.18623193300832244
DMF,0.1860092824863872
MHO,0.18543447431700907
RMBS,0.18499182756060661
ECF,0.18395405333824205
BOSC,0.18330926899669403
CDMO,0.18281201928964477
GTY,0.18242791315662915
SLM,0.1823555042161157
PFL,0.18231571037158043
PEGY,0.1818722394538748
NSYS,0.18152336091534269
MKSI,0.18148465571345113
RCKY,0.18132377239674524
BELFA,0.18036998910477048
CATY,0.1801897449029481
ICAD,0.18001215690155248
SITC,0.1799933658179561
WGO,0.1795592148782044
HVT,0.17948983820519906
GLBZ,0.1793845668233575
UVSP,0.17915653442261856
MATW,0.17849869591237133
MS,0.17824579121910858
PHM,0.17799067277886627
MRVL,0.17760907357744282
ALCO,0.17753987595825438
NRIM,0.1772585349612924
BHV,0.17717722120836477
OFG,0.17681841151375532
MHN,0.17659324286954636
AMRN,0.17647980676598862
EIM,0.17646831235191643
IPG,0.17637156336169976
MSEX,0.17598365110649516
RIG,0.1755697189560052
NAD,0.1754116909921631
DCOM,0.17512655418657977
BYD,0.1745668699068043
MSI,0.17454874387480748
ANF,0.17420854632752542
VOXX,0.1730652414750503
BCV,0.17299476277658624
ACLS,0.17280900873036933
FLWS,0.17245703425888992
PGC,0.17237979281168028
PRK,0.17197987640591758
CVR,0.17180575475197654
CACI,0.17175798861242583
MTR,0.17175390656067505
BCBP,0.17173946403421558
REFR,0.17153762833387587
PLAB,0.17110979307292054
JPC,0.17090176123622822
MUJ,0.17055867607291383
STC,0.17053046863195342
DSM,0.17046349050686196
SENEB,0.17028873255485613
THC,0.1698054373588375
GVP,0.16952438044192653
BYFC,0.16934436187796276
CZNC,0.16862428484516742
ZBH,0.16861691036887066
COLM,0.16838692856538878
SRL,0.16819058292159797
TCI,0.16795546772168346
OCC,0.1676790866371688
MYN,0.16766863165491344
FDP,0.16748702549267733
PW,0.16712179029529411
TSBK,0.16708500740414803
LGL,0.1665746166351272
FNB,0.16637564511464306
CMA,0.16614903570533
TTWO,0.16568683139459192
TFC,0.16514806532654505
OIA,0.16445815364046584
SGA,0.1643951891016224
RGP,0.16428123375295606
CFFI,0.16384577918059245
MFM,0.1638116940729445
KMPR,0.1630460977134677
FDBC,0.16294072238087917
EVBN,0.16281507960246538
AVK,0.16222564266719178
BDN,0.16209859921331013
MDT,0.16187562326092642
SGMA,0.16185164040439526
BFC,0.161596111243178
MYI,0.1612933924897974
UBFO,0.16076279853650632
MOD,0.16071818682760963
GEN,0.1602312576340927
NBIX,0.16003788247766507
HTBK,0.1600184038733292
NAII,0.15930927662965513
RELL,0.1586756231084566
UNB,0.15862004177127773
IBOC,0.1585641364891164
EVN,0.15807574100168584
MPB,0.15767066357250759
GIGM,0.15742688794656717
BH,0.157346105857117
TXNM,0.15723499646138459
PAAS,0.15700123030956337
FCO,0.1569003851664798
SELF,0.15680387719088892
PDEX,0.1567621789118614
BCS,0.15673627541847118
MIY,0.15667179039402754
RWT,0.15649033468009255
MMC,0.15618935779439683
NKX,0.1561547438322914
NUV,0.15601757136602964
AUBN,0.1559073661877109
ING,0.15590487854960042
RAMP,0.1556794615608492
BTO,0.15554770537966608
WNEB,0.15502074747717567
CPHI,0.154175929534013
DXC,0.15412862015914533
PAI,0.15395787539962016
FRME,0.1537373494444643
LTRX,0.15354051828727908
WTM,0.1532416074582423
TENX,0.15273672485765474
JNPR,0.15252547697472021
CMCT,0.15209773024522044
PAYX,0.1520446738562508
JBSS,0.15203653846122955
LNW,0.1516281778713794
XRX,0.15137909215862289
ASRV,0.15114484393984157
RDUS,0.15061772785224964
ORI,0.15017080603885472
GDEN,0.15016839183213862
GCV,0.14997351950135587
SSRM,0.14966438265466656
CCL,0.14944445365870151
FEIM,0.14850730058470796
HLIT,0.14841049547232404
LXRX,0.148214379343408
ODP,0.14777474716065
CDP,0.14754998636650637
OVBC,0.14753992790394524
VLT,0.14710739654562033
ABEO,0.14685463155582235
DOMH,0.1466427693815571
HSII,0.14616620925437204
KB,0.14592739544539446
AMN,0.14506853916613166
AEG,0.14459915096880366
NVG,0.14430010549988317
JQC,0.14418557985978422
PHG,0.14398818165725183
MARPS,0.14379391800390912
AEE,0.1433743857907048
HOFT,0.14294743143199368
SGU,0.14251283679618937
FE,0.14183895485113912
DGII,0.14158704818211748
SENEA,0.14112245122846245
CUK,0.14090663049126353
EEA,0.14071960403562747
PML,0.14071931311248995
SAVA,0.140533835319606
TRI,0.14050037965934759
MBWM,0.13900700348508435
UVV,0.13883137458417263
LCNB,0.13799993731834986
STBA,0.13789201792235378
MAS,0.13780117087477448
MHF,0.13764425101318842
WTFC,0.13748676648038663
VKQ,0.13744047549504915
GERN,0.13735735019108225
MPA,0.13716699222058928
PAR,0.13688793168282679
MLKN,0.13621952182172367
LEO,0.13598562616907983
CDNS,0.13579365123563672
DSU,0.1357496961137943
ITI,0.13529454729461235
TRMK,0.13515283716417853
STEW,0.13489417552661745
NRO,0.1347873005352859
AEIS,0.13449855345583864
SANM,0.13421202866366272
USM,0.13398782517183105
FITB,0.13307391185948522
PNI,0.13259731285618792
EBMT,0.13254753123767526
SYPR,0.13171455514785835
CRK,0.13149483115691535
TOWN,0.13128858253285142
VGM,0.13090972130608533
LSCC,0.13048790074932323
ITGR,0.13037852212659493
ARL,0.1303341042977276
CMU,0.12984176987204607
GYRO,0.12905909405859312
FARM,0.12903985175133986
WBS,0.12895129639087763
CUZ,0.12843877810920967
MBI,0.12834621890483883
OPHC,0.1283066369201109
NEA,0.12802009730248884
CNVS,0.1270766783744248
DSGR,0.12703304998483297
SCKT,0.12694317996205323
NXP,0.12681101623267696
BVN,0.1267936746750444
IQI,0.12666980678418024
HSON,0.12554126553050102
PNF,0.12546173652128695
IART,0.1254100841772534
PFS,0.12537704132019153
NNY,0.12517457231901244
BP,0.12466004814696266
UBCP,0.12428520279257037
PFC,0.12356105011541586
MTEX,0.12337573740707473
CRAI,0.1232023629151071
IVAC,0.12229199318464365
VKI,0.12222302446292851
BRN,0.12184587732816182
CXH,0.12171624111950374
PMX,0.12117677032766794
IDN,0.12110017937914838
HL,0.12087288852048782
LEE,0.12059388942356693
UNTY,0.11997935943197731
ENX,0.11984035525312844
TTEK,0.11977580965125031
FULT,0.11957456265041862
JBL,0.11892700288851515
CEV,0.118868278609325
KEY,0.11856008509571586
NQP,0.11851474966374151
AIOT,0.11831251031640092
NBR,0.117253158143776
CRESY,0.11724496489555017
NXN,0.1171454632757616
EVM,0.11713156133279036
HBIO,0.11692734278482853
SHEL,0.11688985801197835
OPY,0.11683821279619015
CFFN,0.11629152420204174
VIRC,0.11562788432423962
BBY,0.11527601499343201
PZC,0.11453709418884069
ADI,0.11446524547269334
BAC,0.11432008192595725
RF,0.11373630804857603
QCRH,0.11310019168845134
MGF,0.11262454679273926
FCF,0.11228594080723721
DTF,0.1113563205342721
CBAN,0.11087568680756958
NAN,0.11046052261953794
EDUC,0.10989718780543932
CXE,0.10916946407832129
TTE,0.10865953310822592
BLDP,0.10835841757936948
USA,0.10793363653547978
CCRN,0.10759680813669206
PXLW,0.10687234405564566
TKO,0.10625371537580541
ACNB,0.105899758073563
MRCY,0.10589345996166197
CLAR,0.10584930121377455
VTN,0.10487144711086507
LSAK,0.10465021059986089
CNOB,0.10356166966914519
KBH,0.10349088429638106
WAFD,0.10346081725584574
PRPH,0.10303198851760777
NXJ,0.10269947759958901
SNT,0.10257102905339144
KOPN,0.10228894521407081
RBBN,0.10147060384313582
NIM,0.10103263321261817
WABC,0.10044681803746365
GSK,0.10041081959060803
CWST,0.10034902209209995
LYG,0.10001747735094042
INTC,0.0993709990317987
SNPS,0.09934569843227646
PDCO,0.09839693059682451
PROV,0.09759199500058426
NTWK,0.09740355187091755
SCHL,0.0970198549438153
SMTC,0.09634105868435433
SRDX,0.0957533579391111
OMEX,0.09560943813734658
VPV,0.09501238552405204
GILT,0.09459763791576828
ONB,0.094372808549576
UUU,0.09410833368442935
SBI,0.0931592210790071
HRTX,0.09241125093159251
INVE,0.09185121709150575
FMBH,0.09164915901989477
VIAV,0.09130831853672867
NRK,0.09116884160794476
NOM,0.09017784638002452
NAZ,0.08951444560989502
KELYB,0.0890992258118126
ERNA,0.0888849730902973
KSS,0.08714702594912323
CHMG,0.08702568045148076
FRO,0.0859476623586505
FRAF,0.08594015555158585
PESI,0.0856150498856184
VMO,0.08518851445991626
EXEL,0.08481436897467502
MIN,0.08406127742043146
STRA,0.08264929270705354
MFA,0.08206715589002055
SYY,0.08143217066783434
CLS,0.0811314637581336
SLAB,0.08112856281926366
NVRI,0.08110987745758062
FMNB,0.08089097468345961
BANC,0.07922727337816692
TER,0.07888234997046346
RIGL,0.07842573461313078
BHE,0.07839594496333209
PCK,0.07796563799405495
UPBD,0.07783237816590852
PFBC,0.07746896249726605
ZION,0.07715633529852535
COHU,0.07656434691797691
CSCO,0.07609445798385811
VSH,0.07533986507129664
AVY,0.07429636292036912
AVDL,0.07331173833326515
FLEX,0.07303379750348923
BZH,0.07214608563295946
TEN,0.0717137828236333
OCFC,0.07162967407859103
WEN,0.07133277917041371
CRIS,0.07087058793357398
SKYW,0.07085627097690361
AMAT,0.07036642792260142
KT,0.07025081181951845
LLY,0.07004405777275519
MUFG,0.06966243089979726
VALU,0.06905510753527012
NMT,0.06897322573191557
SASR,0.06884940797219433
VCV,0.06853598392569993
CADE,0.06602360430046525
WY,0.06582873423888357
IESC,0.06507197444452532
AUDC,0.06416520881380769
CVM,0.06404255167150824
NOVT,0.06386691368228835
UMH,0.06318029880005532
AMKR,0.062387516433286494
AGEN,0.06184129487939167
MMSI,0.06147050005851885
PTN,0.0611819315472004
SBFG,0.06019298552472521
TACT,0.05924819775556372
ASB,0.059112089435247275
BRT,0.05858696977848166
AMS,0.05787064100921388
TAC,0.057344220747451664
FSI,0.056974010087690846
GLAD,0.05668332331154752
CVU,0.05619349465531962
ONCY,0.055984551459900146
ETD,0.05596720285313454
NBN,0.05485593667151814
CIEN,0.05450749155181624
JBLU,0.054389770760516126
GHC,0.05416082410656246
FRA,0.05393450553803297
PFE,0.053776015716131456
RVSB,0.052475543401433095
EVF,0.0517549079251618
NOK,0.05139630390030712
HFWA,0.0506633210883754
UBS,0.04798318453664186
TRST,0.047070374453134146
EA,0.04687070264371644
USAU,0.04656668569377059
CASI,0.04606178204448725
FUSB,0.044884883942691856
VBFC,0.04322353563913632
CRF,0.043215066774826505
TTMI,0.04289389028925365
TDS,0.04190352519237735
OSBC,0.040796190744271675
BRKL,0.04068025260445736
FCEL,0.04065010130972463
LUMN,0.039441220271779924
FCBC,0.03854231050867196
UIS,0.03825201557362112
BANR,0.03820392144974516
SNV,0.037476289553917935
OFIX,0.036609667016863856
DB,0.03586348963964754
KVHI,0.03566545834065191
WTW,0.035403124661423695
EXTR,0.03349153151369024
ALE,0.03255164597163892
TVC,0.03193166491951517
AZTA,0.03146781995585267
HOV,0.03140011107539917
KELYA,0.03119259682002091
IMNN,0.031130420582835466
SWKH,0.031073067003976322
WW,0.030608827826495145
TURN,0.029718111049783766
CCBG,0.02943362519297719
MBOT,0.02720267990287139
ELME,0.027122121570131708
JOF,0.02586212481394768
CLM,0.025025534670394912
PSTV,0.024926326012789154
ENZ,0.024223796351970094
FXNC,0.022595442061820438
BHLB,0.02143564138391278
JAKK,0.021279055558161734
NLY,0.02056747694776987
GOLD,0.02019313511224697
PYN,0.019786541578913987
TR,0.018835058353711243
HSBC,0.017198184053994956
TVE,0.01690114246106063
AA,0.016362804856558454
IGT,0.01515749811293444
VLY,0.01500755016343559
MVIS,0.013611873532630053
HAFC,0.013333885999859107
VVR,0.013057662125848728
BGC,0.012649624638740966
GE,0.009312694561297331
AXR,0.009289231160653012
GFF,0.009027751929627154
FUNC,0.008638113880122993
VFL,0.008026056515047562
ADTN,0.0076623459009088
CTLP,0.00739744663580539
PRSO,0.005274543825273641
PBI,0.003420968384189431
CIVB,0.003394236744903817
TGNA,0.002890145717980161
PDS,0.0026406267572826776
FCCO,0.002423680378031326
NPV,0.0019053988245140655
ASA,3.5586648519425595e-05
PRMW,-0.001436836126386915
TRC,-0.0023453373742861766
UMC,-0.0026735245950648676
JEQ,-0.003189267729616415
CFBK,-0.0048826539925072125
STCN,-0.005731011536801599
XOMA,-0.007462118128892998
HWBK,-0.008182861676004044
ACHV,-0.008267125753004019
CSCI,-0.008431904473960037
ULBI,-0.010007797725208496
NAK,-0.011627055712337159
BUSE,-0.012237799163514577
FHN,-0.018686108119015308
GFI,-0.019607064523686435
AMSC,-0.020245810942496927
ORRF,-0.02284065668649828
SHBI,-0.023398216208314452
IBCP,-0.025328401004371608
IAG,-0.02564356295743778
ATLC,-0.028324494039142667
KGC,-0.028620300835765146
AIG,-0.029479557123350094
GEG,-0.029628750038630337
JOE,-0.03620932860480989
VGZ,-0.03838247236543774
WINT,-0.04124929324253867
KFS,-0.04227848549303439
RTO,-0.04526052026316847
OPOF,-0.045735063047893966
SBCF,-0.047691742632699215
TSEM,-0.0489549809285415
MODG,-0.04900462546816863
FORM,-0.04936439223494852
NMR,-0.05424355970654319
GHI,-0.056594480091043675
NYCB,-0.05796680322303289
DRD,-0.061151349712151054
GREE,-0.06300300094308216
KOSS,-0.0639739193085057
PRDO,-0.06664595601257944
SUP,-0.06761457322713181
VRE,-0.06765117068980143
CDE,-0.07310900664783854
MLP,-0.07375167248852829
EQS,-0.07979209709368322
DSS,-0.07989311940770727
VCEL,-0.0804155093449142
FAX,-0.08120578328505594
LEU,-0.08122481962984392
CSR,-0.08243267751396857
NTZ,-0.08336201177184263
SONY,-0.08460332677677464
NEM,-0.08509680338830877
UCB,-0.09046535849222867
C,-0.09046847451642533
BPOP,-0.09272007868104679
FNWD,-0.09614007150424513
WIA,-0.09953575973256555
PNBK,-0.10414510267350996
AMD,-0.10690656715879952
DXR,-0.11180751529087382
CRNT,-0.11572351660095888
NYT,-0.1169415117827977
SKY,-0.13044973812253013
RGS,-0.13149920646146102
ORKA,-0.1385781922973508
AU,-0.14662902264523825
VXRT,-0.1475518626470071
OBT,-0.14777740578054452
STM,-0.15160437227170073
CPF,-0.16144830416521402
AYRO,-0.16255456362867973
BSX,-0.1690213625404344
HHS,-0.18389053315696544
RCG,-0.1881956163818481
HMY,-0.19168100072815844
DSWL,-0.19376008563918667
SABA,-0.1989446216434543
UTSI,-0.2245683897354383
FBP,-0.24892204581716734
BKT,-0.25635392927421485
BRW,-0.27679336203009797
KTOS,-0.32185905146467825
