ticker,score
GOF,0.8004172
BIT,0.79942685
PIPR,0.79536843
CRNT,0.7949417
AB,0.7941316
JAKK,0.79306144
BTZ,0.7893577
FELE,0.78867614
CME,0.7857646
SKX,0.785543
TS,0.7828054
AMZN,0.78125197
CTRE,0.7787425
SUPN,0.77816254
ALGN,0.77802384
TYL,0.77742857
UTMD,0.7770956
PBA,0.77608806
KRO,0.77587813
MHUA,0.7745193
UMC,0.77426827
TMHC,0.7740182
OPXS,0.7737866
STVN,0.77373457
ASML,0.7730384
NPK,0.77281606
LEVI,0.7720986
TBC,0.77172285
RRC,0.77092665
NOW,0.7705673
FTF,0.7702903
BSTZ,0.76990277
PYPL,0.76879776
CUBE,0.7679915
CRM,0.7679226
BOOT,0.76769644
CP,0.76761836
AVAV,0.76663685
AMTD,0.766132
NICE,0.7661137
BHK,0.76603556
ODFL,0.76572335
GUG,0.7646981
STRA,0.7638762
VIRC,0.7635938
DX,0.76337564
ACMR,0.76317376
MWG,0.7631247
VTS,0.7631026
PANW,0.76284343
MXC,0.7626949
MCRI,0.76233166
TR,0.761474
ZM,0.76104116
FLXS,0.7610351
WH,0.76038885
DLY,0.76036334
ITRN,0.7603572
DFP,0.7599554
HNNAZ,0.7597883
GIII,0.7596538
FEIM,0.75963837
TGLS,0.7594648
ERII,0.7588974
ROP,0.758853
RL,0.75851125
NOK,0.75847083
AXR,0.75759894
PCTY,0.7575244
FIX,0.75749546
MNTK,0.75747734
ESAB,0.7573628
JGH,0.75693613
HRI,0.7567934
TRIN,0.75654477
TRINL,0.75654477
UTI,0.7562286
OSIS,0.7557803
KMDA,0.7551806
EVR,0.7551802
JKHY,0.75510544
BABA,0.7546416
CTS,0.7545884
MDLZ,0.7545843
REI,0.75439334
COLM,0.7543153
NMAI,0.7542541
SPGI,0.75410867
FRA,0.7540951
FHI,0.7536066
FTI,0.75339276
FCRX,0.75298643
CCAP,0.75298643
YPF,0.752986
OSPN,0.75274986
DHIL,0.75269437
EVER,0.75267255
SPSC,0.7521896
BIIB,0.7521669
PMX,0.7521163
TH,0.75183845
BRY,0.75182533
UNF,0.7516345
BKTI,0.751572
OFLX,0.75155866
BGB,0.75152946
ERO,0.7514035
ADP,0.7511749
EVV,0.7511367
PTC,0.7509883
TEI,0.75051385
TFPM,0.750363
NTES,0.7501528
SAP,0.7501461
VTLE,0.7500991
ELS,0.75003374
OBE,0.75000787
TRX,0.74998975
DV,0.7497973
WRLD,0.7496834
AGX,0.7496396
DORM,0.7490108
CCRD,0.7489827
PR,0.74881595
GHY,0.74877656
MKC,0.7486549
BSIG,0.74862874
EQR,0.74825877
RDY,0.748233
BCSF,0.74786973
BLK,0.7478228
LTC,0.74766386
SD,0.7476004
GILT,0.7472295
SOL,0.7468864
MOMO,0.7468771
AFCG,0.74663705
ETD,0.74631727
ICE,0.7460716
HPE,0.7459194
ABNB,0.7458443
SONY,0.7458326
PFSI,0.74564457
CCEL,0.74552125
AZZ,0.7454113
AJG,0.7451724
TPX,0.745138
ENIC,0.7447363
CNS,0.7445777
TROW,0.74430984
CHDN,0.74429643
CNQ,0.74378884
DCBO,0.7437528
PAYC,0.7436369
HPK,0.74355966
ETN,0.743383
FFIV,0.7432985
ASM,0.7431024
TREX,0.7429555
OPRA,0.74276394
TM,0.7425767
NYT,0.74245185
NVMI,0.7423949
RCL,0.7422071
ISRG,0.7417088
CIVI,0.74152
RDVT,0.7413751
AZN,0.74136966
AOS,0.74120384
HNW,0.7410977
MAA,0.74102896
JNJ,0.7409584
EPAM,0.7408666
DIS,0.7408544
LND,0.7408192
DSL,0.7404013
CNMD,0.7403156
OBDC,0.74024445
VICI,0.7401152
LII,0.73993415
SRAD,0.7398177
GNK,0.73978716
BXSL,0.7397403
WPM,0.7395592
NPCT,0.73948944
AON,0.73941267
SNY,0.7393384
FTHY,0.73932797
TAYD,0.73909914
RGLD,0.7390494
CCL,0.7388167
CHH,0.73868364
RMBS,0.73857695
CENX,0.73804677
CHTR,0.73781306
EGY,0.73776746
USAP,0.7374995
CASS,0.73724973
KRYS,0.73724777
GENC,0.7370601
CGNX,0.73673844
URBN,0.7366438
NOAH,0.73659956
PNR,0.7365938
KFY,0.7363502
LIN,0.7363215
OPK,0.73626804
VRN,0.73621154
TMO,0.73617625
AXP,0.73617256
DLB,0.7361092
KVUE,0.7360949
BRC,0.73598206
SMLR,0.73590803
DMB,0.7358802
STRL,0.7355763
EEFT,0.7353673
VCIG,0.73522896
GNE,0.7350947
KEX,0.7350291
WEYS,0.73498935
PHM,0.73497915
OVV,0.73496306
OXY,0.73479223
DGX,0.7346647
TTD,0.73454
GD,0.73440874
REFI,0.73411196
MUR,0.73402333
PSHG,0.73391813
PAYX,0.73384386
SN,0.7338148
VECO,0.7337588
ACN,0.7337456
NBIX,0.7336644
DSGX,0.73334724
CPHC,0.73281044
ARDC,0.7326026
NWPX,0.7325835
DGII,0.7323948
IBKR,0.732133
REX,0.73200643
KOS,0.73191625
APLE,0.7318449
KIO,0.73177195
K,0.73165226
CGAU,0.7316037
FAST,0.73151356
KAI,0.73147494
LEN,0.7313591
SAIA,0.73122
TBB,0.73104995
WMB,0.73096734
GGB,0.73091507
ZIM,0.73086977
ZBH,0.730636
SCI,0.73057127
JCI,0.73056257
ADT,0.7305584
CORT,0.73034286
PLAB,0.73034215
MATX,0.73030645
IDCC,0.7302935
LAUR,0.7301484
FRHC,0.73010814
EBAY,0.7300031
AMP,0.72998524
SKT,0.72996
GNRC,0.729908
DHR,0.7299016
HEI,0.729892
SHOO,0.72984034
CDNS,0.72977924
HMY,0.7297792
PG,0.72972
AGI,0.7296721
LNN,0.72957563
REVG,0.7295579
ERIE,0.72952473
HNI,0.72949344
SNPS,0.72914916
TRGP,0.72911
SHW,0.7290762
ELTK,0.72901165
ALV,0.7289758
CSWI,0.72886604
GCT,0.7287903
SQNS,0.728726
EAT,0.7285786
TRAK,0.7285055
RAND,0.72848636
UTHR,0.72841436
SHIP,0.72836345
ADMA,0.72827405
FTV,0.72812796
AROC,0.7280537
FANG,0.7280366
ORCL,0.72796917
ANF,0.7278076
CHRD,0.7278022
NTAP,0.7276816
CBOE,0.7276381
SDRL,0.7276049
CPAY,0.7276007
ZBRA,0.72751516
FI,0.7273571
FN,0.7273571
WNS,0.72729635
CVCO,0.727261
TJX,0.7271241
HEES,0.7270152
EHC,0.72689825
BIDU,0.7268177
GRNT,0.7267515
EMD,0.7267503
BBSI,0.72673845
DOCU,0.72669905
MAR,0.7266725
NAT,0.7266708
GMAB,0.726585
OXLCP,0.7265474
UA,0.72650087
UAA,0.72650087
SIEB,0.726456
DT,0.7264268
SKY,0.7263898
EVTC,0.7263728
AMT,0.7263637
EXPO,0.7263493
IAS,0.72617716
NHI,0.7260697
DCI,0.7259788
NNN,0.7258563
TSLX,0.7257588
LOGI,0.7257052
ATR,0.7255182
COO,0.7254579
GFS,0.7252932
HGBL,0.7252463
ROK,0.72523266
IPAR,0.72518325
GLBS,0.7247819
GIL,0.72450125
AZEK,0.72438955
GFR,0.72436154
ADSK,0.7242208
ODC,0.7241382
ERJ,0.72399783
GOGL,0.7239304
DRD,0.723844
OCCIN,0.7238251
XYL,0.7236975
JBT,0.7235049
MUI,0.7234722
YETI,0.723461
ONTO,0.7234526
BTU,0.72336626
GOOG,0.7233272
GAMB,0.72332674
ATGE,0.72330046
USLM,0.72329104
LMAT,0.72327596
MHO,0.72322726
TSEM,0.72318494
MNSO,0.72317874
GDDY,0.7231775
MUE,0.7231661
WTS,0.7230275
CVAC,0.72291803
COIN,0.7228435
POWL,0.72282875
GMM,0.72282636
VMI,0.72271377
MIDD,0.72268695
PBH,0.7226034
CHR,0.72246104
XOM,0.7224293
GWW,0.7223912
SHOP,0.72231114
NU,0.7221715
CLCO,0.72214264
TLK,0.72204757
GGG,0.7219939
REPX,0.72193986
HD,0.7218343
OC,0.7216923
XPEL,0.7216203
BMI,0.72146165
INCY,0.72130084
SMID,0.72129357
NDAQ,0.72115284
NDSN,0.721064
CIX,0.72105545
ROL,0.72091043
PHT,0.7209029
NSC,0.72082245
NVT,0.72080886
GRVY,0.7207927
WEX,0.7207322
BSX,0.72070473
SU,0.7206553
WST,0.7205771
TEL,0.72032344
BCPC,0.7202996
CRL,0.72020745
LOMA,0.7201733
EMR,0.7199776
CEIX,0.7199776
WDS,0.7199513
GNTX,0.71994454
CSWC,0.7197981
CMCSA,0.71974957
KDP,0.719688
DESP,0.71966165
ATEN,0.7196465
LOPE,0.719643
WCN,0.7195944
TOL,0.7194581
EMN,0.71935713
RAVE,0.71926695
DVN,0.71923196
MDT,0.71922266
IDXX,0.71894413
OXLCL,0.7188189
TTE,0.7187161
CCI,0.7186796
NXST,0.7186767
DECK,0.7186301
RSG,0.7185258
EA,0.71845365
NSSC,0.7184264
ESE,0.7183815
NRC,0.7183558
MGPI,0.7183183
SMPL,0.71829855
EBF,0.71825886
CCEP,0.7182555
PDS,0.7182389
CRS,0.7181943
BKNG,0.71816343
CHE,0.7180298
MLI,0.7179161
YRD,0.71766585
WM,0.7176332
SDHY,0.7175228
WSM,0.7174228
FSS,0.7174002
VIV,0.71737677
GE,0.71732056
TRP,0.7172573
LRN,0.7170222
CTAS,0.7169992
STM,0.71678853
RPM,0.71656823
AOMR,0.7164553
GOOGL,0.7164516
KARO,0.7162585
VALE,0.71616864
AYI,0.71596533
IR,0.7159408
REXR,0.7159219
V,0.7158443
CHCI,0.715762
AAON,0.7157133
ACLS,0.7156903
CHX,0.71559525
OLED,0.715572
CSV,0.71553737
IIPR,0.71540433
PRDO,0.7153547
CSCO,0.7151628
WDC,0.7150981
CRVL,0.71509355
AWI,0.71507514
ZI,0.7149616
LZ,0.7148466
PED,0.71481556
WIT,0.71480787
ABBV,0.714802
NAPA,0.7147889
CW,0.71472186
CVX,0.71468836
AME,0.7146653
ANET,0.7146544
SBBA,0.7146022
HSTM,0.7145462
PLX,0.71448576
KOF,0.7144854
BX,0.71442074
SPNS,0.71440476
ABT,0.7144014
AZO,0.7142633
CRH,0.71423274
ROST,0.7141436
VMD,0.7140851
COP,0.71407586
PBR,0.7140708
IBM,0.7140219
JPI,0.7139819
MGRC,0.7139164
PKG,0.71385485
ITT,0.71364295
ARCC,0.7134264
WLFC,0.7134198
CTSH,0.7134013
THR,0.7132382
HUBB,0.7131794
LGIH,0.7130638
FCFS,0.71296453
INGR,0.7128802
ESS,0.7128443
NYMTL,0.71270597
GRMN,0.7124983
FCN,0.7123311
FER,0.7122795
GSAT,0.712272
PKE,0.71210164
KYN,0.7119966
SYK,0.71195644
VIST,0.7118704
CLX,0.711856
LAMR,0.7118384
MMSI,0.7118274
HLT,0.711817
MTD,0.7116479
HCA,0.7116299
GOLF,0.7115349
WAB,0.7115059
CX,0.71148986
SEIC,0.71148014
HAE,0.711334
TFII,0.7112622
MTH,0.7112456
PH,0.71118486
INFY,0.7111644
FSM,0.71114755
HTHT,0.71080154
SBLK,0.71077615
ABEV,0.71076405
AGYS,0.7107343
LHX,0.7106394
NOC,0.71059835
HCXY,0.7105915
TER,0.7105174
HWM,0.7104779
POOL,0.71044517
EFX,0.71044475
RWAYL,0.7103401
RWAY,0.7103401
RWAYZ,0.7103401
CAT,0.7103382
TT,0.71011305
JAZZ,0.70990723
CTRA,0.70987725
CRAI,0.70980716
GASS,0.70977604
PEN,0.70976305
BSY,0.7097601
CSGS,0.70963115
LXFR,0.70958513
SLB,0.7095322
VRT,0.7094676
OCSL,0.7094179
ALKS,0.7092865
AGNCM,0.70920384
GIB,0.70918053
FRT,0.7090281
COCO,0.70899844
CROX,0.70885557
CHD,0.7087582
TPR,0.7087415
KBH,0.7087085
DDS,0.7085537
RA,0.7085181
MMM,0.70841473
MRK,0.7083847
CNI,0.70808357
PLUS,0.7080163
SILV,0.70790887
ALRM,0.707864
AVY,0.70782316
CXT,0.7078167
DRI,0.70777977
NKE,0.7076381
MSFT,0.7075978
NGS,0.7075732
CRC,0.70752305
LRCX,0.7074359
META,0.7073975
MSA,0.70735633
UFPT,0.7073466
JHX,0.7073358
SRTS,0.7073154
DEO,0.7072816
GTN,0.70711976
MORN,0.7070705
CNDT,0.7070685
ROCK,0.707064
LPX,0.7070631
NMM,0.7069853
BWXT,0.7069139
EXEL,0.7068473
OGN,0.7065445
IAG,0.7065191
ADBE,0.7062395
GFI,0.7062034
EXPD,0.7061534
CALM,0.7061348
RBC,0.70610094
MAT,0.70602405
WDFC,0.7058848
MNST,0.70578206
SKYW,0.7057675
HCKT,0.70557606
JHG,0.70547295
HCC,0.7053941
CPRT,0.70531636
HRMY,0.7052336
HDSN,0.70517623
DHI,0.7051362
STLA,0.7049909
FTDR,0.70499015
DAC,0.7049456
TZOO,0.7048985
SXT,0.70487404
JILL,0.70482814
CL,0.7047944
NCLH,0.70468986
HTGC,0.70460296
ICMB,0.70459515
OSW,0.7045543
CXE,0.70451003
UNP,0.70440775
CEG,0.70430356
KMB,0.70427454
RFMZ,0.7042592
ICLR,0.7040352
FIZZ,0.7040087
DE,0.70391685
MNDO,0.7038351
VHI,0.7038113
VVI,0.7036722
NVGS,0.70367134
NFLX,0.70361835
BYD,0.70361173
NTRS,0.7034028
CIM,0.70336944
ECCC,0.7033547
FBIN,0.7032546
REGN,0.70323586
MWA,0.70311207
RMD,0.7029921
TILE,0.70287764
AMKR,0.70270336
FONR,0.7024411
SSNC,0.7023957
MCS,0.7022892
GECC,0.7022691
SLVM,0.70222497
GEHC,0.7022165
RCI,0.7022009
STN,0.7021078
WSO,0.70209914
HLIT,0.70179313
DIN,0.70176893
NTRSO,0.70169497
MEDP,0.70165855
EPAC,0.7016432
VIRT,0.70149463
BLD,0.70123476
FTLF,0.7012038
ACIW,0.7011913
ITGR,0.7011057
PINE,0.7009819
AGNC,0.70093477
AGNCN,0.70093477
AGNCP,0.70093477
AGNCL,0.70093477
RHP,0.70089394
DFIN,0.7008698
GOLD,0.700839
RNW,0.700514
GNFT,0.700361
NYMT,0.7003456
TECH,0.700324
MLM,0.7002409
NVR,0.6999995
POWI,0.69994926
PDD,0.6999446
TAP,0.69985634
REYN,0.6998453
DKS,0.6998345
CARR,0.6997544
GLOB,0.69974786
GAIN,0.69974077
GAINZ,0.69974077
TRNO,0.6994889
EXP,0.699473
NEU,0.69937986
VRRM,0.6993244
DOX,0.69932413
LECO,0.6992036
AMAT,0.6991755
SEE,0.6990967
UPWK,0.69908357
TK,0.69899833
CBT,0.6989206
STE,0.6988291
VRTX,0.69874084
RTX,0.69873726
TTC,0.6985898
ASIX,0.69843066
FDUS,0.69816655
NXT,0.69816273
SCVL,0.6978677
LI,0.6977815
SSD,0.69760084
GEN,0.6975876
FWONK,0.69752234
EVN,0.6973795
MAS,0.6972542
GBX,0.69709927
TSM,0.6970914
ON,0.69704676
QCOM,0.6969307
ECCV,0.6968932
MNR,0.6968242
WHD,0.6967906
CAMT,0.6963907
VVV,0.69633347
UI,0.6960153
IMPP,0.6959172
SMP,0.69582695
STNE,0.695797
TRMD,0.6957687
LBRDP,0.6956578
UE,0.6956052
OXLCN,0.69535637
HP,0.69525415
EPM,0.69523394
IESC,0.695061
AEM,0.6950367
CPA,0.6950127
ACAD,0.694931
MTX,0.69490147
EQNR,0.6948464
CSL,0.694696
FWONA,0.6946155
BFAM,0.6945576
VALU,0.6945568
AXTA,0.694375
PSO,0.6942608
NOMD,0.6942544
ASR,0.69365084
MVST,0.693627
NABL,0.6936041
IOSP,0.69343853
MDXG,0.69332063
DHT,0.69318473
ENVA,0.69316673
GRBK,0.6928972
PSA,0.6928689
TFX,0.6928551
MTDR,0.692628
VNT,0.69259566
BMRN,0.6925854
CF,0.6925664
OXLCO,0.69254214
MGIC,0.6925189
MSI,0.6924033
MOD,0.6923638
GSBD,0.6923308
BR,0.6923066
GLAD,0.6922856
TPH,0.6921923
KTB,0.69218
SCHL,0.69214827
PBYI,0.6919591
ULTA,0.6918799
CDW,0.69182175
PDI,0.69179547
JNPR,0.69178534
SPOK,0.69170064
BFK,0.69167686
TDW,0.6916497
NLY,0.69149154
GFF,0.69127566
TCMD,0.6911164
GPRK,0.69092906
IEX,0.69084626
PMTU,0.69067633
GAINN,0.69050384
REGCO,0.6904843
LOW,0.6904426
BH,0.69022816
GLADZ,0.6899042
DRH,0.68987274
VTSI,0.6897716
PFLT,0.68957347
DXCM,0.689504
TIMB,0.6895009
IQV,0.68946695
TWO,0.6893497
CCS,0.68919367
STNG,0.6889923
GAINL,0.68897474
MU,0.6889716
INSW,0.68893194
NYMTZ,0.6889165
EXR,0.68890226
MAIN,0.68885994
ARR,0.6886498
LNTH,0.6885655
FRO,0.6885323
NOVT,0.6885319
OGS,0.6883443
KRT,0.68822706
ORLY,0.68822134
NCTY,0.688193
EXLS,0.6881899
LDOS,0.6880436
EIC,0.68769026
MANH,0.68763083
KO,0.68757933
OSK,0.6873589
SPOT,0.687349
EOG,0.6872622
PCYO,0.6872066
VRSK,0.6869838
LLYVK,0.6869614
SBUX,0.6869411
LFT,0.6868905
SNA,0.68671274
E,0.6864604
ATI,0.6863718
CDP,0.6862064
GAP,0.68618804
NML,0.6861513
URI,0.6861437
DLNG,0.68595684
BUD,0.685949
LVS,0.68591326
BEPC,0.68582934
HLN,0.6857695
KLAC,0.6857443
TPB,0.68572545
TRIP,0.68556
ADI,0.685522
BDX,0.6854671
CABO,0.6854231
DOV,0.6853524
AES,0.6851803
ECL,0.68487227
RFM,0.68485266
GECCO,0.6847035
MVT,0.6846997
IDR,0.6846545
UDR,0.6846533
WSR,0.6846348
WT,0.68459535
ESEA,0.6845812
FIS,0.6845749
APH,0.68448496
CMRE,0.6843869
FR,0.68433166
IVZ,0.68432355
GLPI,0.6842924
VTOL,0.6840915
WILC,0.6839526
MMYT,0.68389803
FSLR,0.6836005
A,0.6835907
BCX,0.68344116
HAL,0.68340117
FOXA,0.6833762
RYN,0.68306977
SB,0.6830254
FSI,0.6830198
GRND,0.68291324
STEP,0.6828797
EICB,0.6828642
EMF,0.68284047
VCTR,0.6827753
RVT,0.6826462
HOVNP,0.6824732
CIK,0.68243206
MIND,0.68222725
ECCX,0.68215203
CGBDL,0.68209726
CGBD,0.68209726
DAN,0.68174785
PLOW,0.68172956
SCM,0.6814352
RJF,0.68110454
JACK,0.681036
FOX,0.6808147
ESCA,0.6806024
INOD,0.6805733
SQM,0.68048966
DJCO,0.68042195
HES,0.68034595
LNW,0.6801726
TNC,0.68015397
PK,0.6800926
PLD,0.6799521
AMPY,0.67982334
TXRH,0.67967904
BDC,0.67958003
ELAN,0.6789994
GLW,0.678906
CRUS,0.6788742
GRRR,0.678628
CAG,0.67853606
FDS,0.67848355
APPF,0.67846954
ITW,0.6783963
HON,0.6783529
TCPC,0.678349
SLRC,0.67832553
OCCIO,0.6782671
STX,0.6782375
ISSC,0.67805207
ECCW,0.67795056
OMC,0.6778154
ORA,0.6777096
NVO,0.6776359
AGNCO,0.677543
NL,0.67752916
TNK,0.6774987
APTV,0.6774224
AAPL,0.6773611
HTCR,0.67732036
KKR,0.6773156
ARES,0.677128
GPN,0.67709345
CTO,0.6770815
BALL,0.67707986
ICL,0.67707866
QSR,0.67699933
SCHW,0.6767124
PAC,0.67654055
CSX,0.6763982
ITRI,0.6762583
ELF,0.6762524
RACE,0.67617095
AIT,0.6761136
PMT,0.6760716
KTF,0.6758079
EZPW,0.67579466
BBCP,0.6757616
CNM,0.6756717
CR,0.67566836
APOG,0.6756678
KEQU,0.6754677
SAIC,0.6754082
ATMU,0.67531675
ENB,0.67506516
DRS,0.6750353
PRGS,0.67498267
HNNA,0.6748533
HWKN,0.674821
MMD,0.67480165
TKC,0.67477363
NEWT,0.67467016
VMEO,0.6746329
LANC,0.6745654
LEGH,0.67448425
LPG,0.67447895
GPK,0.67432684
RBA,0.6741899
ADUS,0.6741633
GTY,0.6739994
BHR,0.67383873
XYF,0.6738289
BST,0.67377776
BUR,0.67376083
HRL,0.6737356
INFU,0.6737229
PVH,0.67370164
SM,0.6736774
BLKB,0.6736328
BELFB,0.6735757
BLDR,0.6734245
BAH,0.67331284
NGD,0.6732662
IHG,0.67296165
NYMTM,0.6729199
PAX,0.6728219
PCAR,0.6727529
THC,0.6727254
BCAT,0.67249316
GSL,0.67242604
AER,0.67229867
IT,0.67223555
EQX,0.6722068
MS,0.6720812
EC,0.67200094
G,0.67195904
STAG,0.6719551
OCCI,0.6719246
REG,0.6718364
CNK,0.6716332
NRP,0.6714738
ENTG,0.67125463
LPLA,0.6712546
ATKR,0.6712224
ALC,0.67088854
SKM,0.6708798
HHH,0.6708524
ARIS,0.6706536
MTSI,0.6705461
KMI,0.67053056
CDLR,0.6704941
O,0.67033935
OMAB,0.6702482
BKN,0.6701218
GIS,0.6700993
MCO,0.6699314
TLN,0.66988015
SUM,0.669816
PPC,0.6697695
TKR,0.66976553
IVR,0.6693602
BRX,0.6693069
MGY,0.66920763
VSEC,0.66919684
ERIC,0.669143
WELL,0.66886353
WAT,0.6684021
SIM,0.6681409
PNRG,0.66804117
IMMR,0.6678595
GMED,0.66784704
NC,0.6678228
HOV,0.66780216
OII,0.66775393
FSTR,0.66762716
UAL,0.66740495
BECN,0.66719115
MSM,0.6671766
RCKY,0.667174
COLL,0.6670335
LTH,0.6669992
ENSG,0.66693866
HBB,0.6668225
TIPT,0.6667771
ARMN,0.66666687
TOUR,0.6665724
MEC,0.66652566
TNL,0.6664959
APD,0.66641504
MDIA,0.6662855
BNTX,0.6661482
LOCO,0.6658733
ET,0.6658608
GILD,0.6655643
HZO,0.6647771
EMO,0.66466963
IMAX,0.664488
CDE,0.6644484
WWD,0.6643652
COTY,0.6642944
TASK,0.664289
NEWTZ,0.66418093
AKR,0.66416407
VRNT,0.6641045
OXLC,0.6639961
NVDA,0.66393477
LNG,0.6638744
RS,0.66380864
VAC,0.66366905
BWLP,0.6636226
MCD,0.66349465
ONON,0.66348743
QD,0.6634164
BTE,0.6633598
BHM,0.663343
AMGN,0.6632533
MHK,0.6632399
BKR,0.6631767
GS,0.66316414
FOA,0.6631503
NBB,0.66302925
FSK,0.6628196
AVB,0.6627781
KGEI,0.66270626
BB,0.66249764
TEX,0.6623322
OLLI,0.6623297
SPG,0.6622087
EME,0.6621737
LYB,0.6621488
WFRD,0.66199017
KAR,0.6619744
HOOD,0.66183525
AU,0.66183376
TRMB,0.6618126
RNGR,0.6618089
LLYVA,0.661686
VNOM,0.661505
NMFCZ,0.66138124
NMFC,0.66138124
FTNT,0.66125643
DBRG,0.66124344
INTU,0.66105986
ALG,0.6610024
CMI,0.6609563
SF,0.6607678
KOP,0.66030526
HESM,0.6602387
ENS,0.6602127
AVO,0.66021186
NHC,0.6600699
FLYW,0.6600048
USIO,0.65991235
LBRDA,0.65982246
QGEN,0.6597403
FSV,0.6596669
PLXS,0.6596199
CLMB,0.6592762
AXL,0.6591966
IX,0.6590961
HOG,0.65896684
LYV,0.6589108
PPIH,0.65879357
GVA,0.6586562
BIRK,0.6583667
CBL,0.65833277
OPY,0.6582197
AMX,0.65778613
WEN,0.6577355
BL,0.657703
OHI,0.65770006
UMH,0.6575583
DLX,0.6575428
CRI,0.6573333
JSM,0.65728927
UHAL,0.6570938
LX,0.6570906
TATT,0.65694064
SUZ,0.65685105
ENPH,0.6568267
PRG,0.65681976
APP,0.65678954
VYX,0.65661883
ZTS,0.65641856
NYMTN,0.6561802
GWRS,0.65610075
ALLE,0.6560666
HELE,0.65570414
OLPX,0.65559506
WMS,0.6553798
HURN,0.6553109
JOE,0.6551801
SELF,0.65496784
HLX,0.6549587
ALEX,0.65488
GBDC,0.6547398
IQI,0.6547191
CUK,0.6546276
KWR,0.6542376
CXM,0.65422064
LMB,0.6539889
PECO,0.65394765
PHIN,0.6539325
TIGR,0.65384126
GLDD,0.65383554
BYM,0.6538267
FERG,0.65356755
EPR,0.65356475
UHT,0.65324926
LWAY,0.65322256
SWKH,0.6531546
BBDC,0.65308124
AA,0.65304923
FMX,0.6528435
CAAS,0.6524377
CODI,0.6524356
PSX,0.65240717
DDI,0.65202343
ANGI,0.6520176
USPH,0.652005
ZTR,0.6519258
NXPI,0.651788
PM,0.6517347
LIVN,0.6517232
TPVG,0.6516737
SNN,0.6516443
KEYS,0.65158004
AMPH,0.65156746
STG,0.6513841
EQIX,0.65129364
BEEM,0.6512281
FOUR,0.65107733
TYG,0.6509294
ENLC,0.65082264
OUT,0.65079707
TX,0.6507508
MRCC,0.6504489
SSTK,0.6502457
VICR,0.65020883
SAFE,0.6499742
ESOA,0.6499567
HBM,0.6498545
FOR,0.64899576
GRC,0.6488463
NAVI,0.64851063
WU,0.64844906
KREF,0.6484331
SVV,0.6483863
AMD,0.64829904
HGV,0.64821756
CZR,0.648175
CRON,0.64799803
LBRDK,0.6478643
CWEN,0.6477553
TDC,0.6476652
CACI,0.6475793
WMG,0.6475644
AYRO,0.6475464
PLTR,0.6474922
MUA,0.6473986
FIVE,0.6473498
PSTL,0.6472988
BMY,0.64716685
CIGI,0.64711547
AYTU,0.64710015
RVTY,0.6469725
AEF,0.6469441
ATAT,0.64686525
LKQ,0.64669687
BNL,0.64655954
AMCR,0.6464755
VCYT,0.6462689
VLTO,0.6461864
DVA,0.64612716
TOPS,0.6460972
CLH,0.64609313
LW,0.64591503
PDEX,0.6457995
MELI,0.64573663
TALO,0.6456974
ALSN,0.6456624
FLNG,0.645596
FCX,0.6454334
CAL,0.6452896
LAZ,0.64522743
BBWI,0.6451696
CAPL,0.6451363
TSLA,0.6451314
PTLO,0.6450757
VTRS,0.6450303
FPI,0.64500874
TGNA,0.6449244
GTLS,0.6448769
CMCL,0.6448719
MO,0.6448622
VLRS,0.64481074
PAYS,0.6447701
DFH,0.6442052
GSK,0.6439677
MITQ,0.64395326
UPS,0.64380735
BATL,0.6437675
NE,0.6436897
AUPH,0.6436323
MAN,0.6434688
IRT,0.64340454
DNUT,0.6432748
DAKT,0.64325446
WFCF,0.6432135
INVE,0.6431578
GHM,0.6430356
PODD,0.64295167
LINC,0.64293766
AVTX,0.6429071
TEO,0.6427812
SBH,0.6427523
ORLA,0.64261633
WLY,0.64260685
VNET,0.64251226
GRFS,0.6423259
AZUL,0.6422697
HAS,0.6421427
RMM,0.642033
RM,0.64200133
ESI,0.6419222
NWSA,0.64147127
MHD,0.6412523
BHV,0.6412169
TXN,0.6412055
COKE,0.6410045
CSWCZ,0.64095366
TAK,0.64079475
IBP,0.64075595
WKC,0.640716
GOGO,0.64070886
JLL,0.6406993
ADC,0.64065117
RH,0.6405809
EBR,0.6405444
AENT,0.6405055
EXTO,0.64042276
CLS,0.640338
UBER,0.6402362
MSCI,0.64020526
SEZL,0.6397954
MFIC,0.63972944
AMRK,0.63970053
CQP,0.6396443
AMH,0.63949734
HTFC,0.6391252
HTFB,0.6391252
AGM,0.6391069
CMPR,0.6390988
EW,0.6390675
MQY,0.6389503
NOG,0.6389447
KRG,0.6387496
FLR,0.6380545
GFL,0.6378059
GAU,0.63766396
NPO,0.6376066
BHE,0.63753116
NMRK,0.6375292
EE,0.63748425
PAAS,0.6374825
ELLO,0.6373585
FRPH,0.637253
NWS,0.63722605
GOOS,0.6369855
POLA,0.636977
ACR,0.63686883
LC,0.6367665
FLS,0.63671106
GEG,0.63655657
GEGGL,0.63655657
DVAX,0.6364874
ZUMZ,0.636324
STZ,0.6361884
FT,0.63617814
DEA,0.6361585
SPTN,0.6360409
SBRA,0.63594323
LFVN,0.6358671
AVGO,0.6358312
FMC,0.6358012
DD,0.63578844
MT,0.63546044
FLWS,0.63530356
SAZ,0.63523996
HSY,0.63521695
AEO,0.6351278
PHX,0.6350377
GENI,0.6349581
UAN,0.63473696
TU,0.63469577
PRAA,0.6344904
SANM,0.63429594
PRTH,0.6339869
BROS,0.63349074
HUDI,0.6334566
LLY,0.6333924
ELSE,0.63319856
GOODN,0.63284045
ZGN,0.63279206
VZ,0.6325547
LICY,0.63244444
NMR,0.6319879
DAR,0.6319668
TRI,0.63195163
TCI,0.631786
KLIC,0.6317309
FMS,0.6317296
AMWD,0.6317126
IRDM,0.63167256
INVA,0.63147265
WLYB,0.63143367
IRM,0.6313289
HRZN,0.6312805
TSCO,0.6312323
KSS,0.6312001
LGL,0.6311478
NOV,0.63113153
DSWL,0.6309812
ECVT,0.63094705
DENN,0.6307872
MAMA,0.63031113
BLE,0.6302368
TTMI,0.6302106
WPC,0.63016206
DXPE,0.6300833
USAC,0.63005155
BIOX,0.63002396
SWI,0.6297893
SIFY,0.62961704
J,0.62933284
GTE,0.6292662
MITK,0.62914795
MCHP,0.62899077
AUDC,0.6289567
ALX,0.62883306
ADEA,0.62874335
CSBR,0.6286005
BP,0.6285633
MQT,0.62855226
CINT,0.6283211
RMI,0.6282
MMS,0.62809646
ATCOL,0.6280568
DIT,0.6280221
H,0.62798506
ASC,0.6278544
TMUS,0.6277592
OTEX,0.62741166
GSM,0.62724876
ATLCP,0.6271447
STWD,0.62714314
RHI,0.62689
OMF,0.6268338
DSM,0.6267975
REAX,0.62647426
SFL,0.62646234
AXON,0.62633246
SWAG,0.6259464
GTES,0.62516606
HPQ,0.6250491
BTA,0.6246743
WOR,0.62449527
LZB,0.62426126
ABR,0.6242242
BRFS,0.6241545
AY,0.62406766
TME,0.6239286
WLKP,0.6238088
AAT,0.6237429
GEF,0.6236057
DHY,0.62360334
HII,0.6234245
IIIN,0.6234016
ZEUS,0.6233185
FPF,0.6232713
BC,0.6232348
DAL,0.62322897
BELFA,0.6231621
FNV,0.62307394
REZI,0.62302655
PEB,0.6230098
FORM,0.6230003
INVH,0.6223599
WDAY,0.62235695
PXS,0.6223357
TGS,0.62230664
SITC,0.6220539
GEO,0.62160575
NTR,0.6215608
WPP,0.62150913
EMX,0.62150896
TSAT,0.6214974
VSTS,0.62149686
STCN,0.6212447
TKO,0.6210722
TANH,0.6209393
OFS,0.6208544
NEWTI,0.6206564
FND,0.6205368
ORGO,0.62051296
MRC,0.6204104
SSP,0.62010956
CNH,0.62004906
PERF,0.61999196
JJSF,0.61998206
JBHT,0.6198709
STGW,0.61963147
CLDT,0.6195665
AMBI,0.6195181
SAJ,0.61949384
SAR,0.61949384
JEF,0.61947477
MASI,0.61946476
MITT,0.61945987
ALOT,0.6194491
SIRI,0.6193811
PARR,0.6192624
SHYF,0.6190193
LQDT,0.61853725
LH,0.61846447
CVS,0.6180393
VFC,0.6179924
VMC,0.6176094
BTCM,0.6174592
TKLF,0.6174536
AHH,0.6172128
STAA,0.6171073
SXTC,0.61707264
AIN,0.61687845
POST,0.61653024
FTK,0.6164541
UUU,0.6162449
HSIC,0.6160243
BGC,0.6159232
ENLT,0.61578393
AMPS,0.61575365
CAAP,0.61575305
DY,0.615437
AGCO,0.61505264
ARTW,0.61474645
TGB,0.6147379
EQS,0.6145195
TORO,0.6144573
CPZ,0.61406946
QXO,0.6140422
PSTG,0.6139949
BWMX,0.61388904
HAYW,0.6138197
HY,0.6137697
CXW,0.6136369
CSGP,0.6131962
HOLX,0.6130367
BDL,0.61275786
ASO,0.6126286
KT,0.61236554
SUI,0.6123157
NSIT,0.6119903
DHX,0.61197674
ROIC,0.61196166
SNX,0.6118347
ULH,0.61173254
USNA,0.6116301
NEM,0.6112676
FBRT,0.6110585
RWT,0.6109116
IMCR,0.6108124
BBY,0.6107868
DOC,0.61071163
TOMZ,0.61067384
ODP,0.61035234
III,0.6103312
VOD,0.61030036
BEKE,0.6102768
METCB,0.61025196
SIGA,0.6101019
NTIC,0.6099034
TITN,0.6098189
HUIZ,0.60969687
SNCY,0.60968184
OFSSH,0.6096101
MTW,0.6094453
INVX,0.6094371
FC,0.60934466
SENEB,0.60927397
HMC,0.60921943
CSAN,0.609205
CSR,0.6090525
EWCZ,0.6089647
PSEC,0.60893536
CCJ,0.60874593
MRAM,0.6086568
PWR,0.6085302
GATX,0.6085218
APG,0.60845226
SAT,0.6084149
ELVA,0.60838974
SHLS,0.6083438
DDOG,0.60830045
BTTR,0.60816586
NOA,0.60804135
PCH,0.60748094
WHFCL,0.6074466
WHF,0.6074466
OB,0.6074245
KN,0.6074243
ASAI,0.6073645
HST,0.6071039
VET,0.6070555
FWRG,0.60704625
CUZ,0.6069268
JBSS,0.6068062
PANL,0.6067293
ETON,0.60656655
VITL,0.60616386
BV,0.6060909
FAMI,0.60602564
MOV,0.6059967
DCGO,0.6055821
NRK,0.60554487
CTLP,0.605457
JD,0.605271
VTMX,0.6050628
KELYB,0.604957
AAL,0.6048162
HEPS,0.6048045
RAMP,0.6045773
TRTX,0.60432667
WWW,0.6043086
PLNT,0.60426664
JKS,0.6041989
HUBG,0.6041758
GXO,0.60381263
THRM,0.60377395
LADR,0.60348016
HUN,0.60347086
JBL,0.6034414
FPAY,0.6032487
MNTX,0.60318416
WERN,0.6030941
BWG,0.6029866
AMCX,0.60295546
GRPN,0.60291487
TGTX,0.6028178
CAR,0.60275275
INSG,0.6027332
NGVC,0.60263246
AN,0.6025354
KE,0.602439
JBI,0.60224813
CHSN,0.60215217
PNTG,0.6018559
BFS,0.6016701
CMU,0.6016454
COST,0.6016138
ATSG,0.6014839
SUN,0.6012258
SMCI,0.60118335
CMT,0.6011506
DAY,0.60082495
SENEA,0.6007593
MRTN,0.6007139
CBRE,0.6006038
MTZ,0.60048366
CVE,0.6004147
BN,0.6002356
CPB,0.6001587
LYT,0.6000415
WY,0.5998084
PI,0.59934425
ESRT,0.5990949
PNNT,0.5990006
IFF,0.5989373
TRN,0.5989254
TIGO,0.59848964
SLNG,0.59847623
NATR,0.5981462
LMT,0.5978297
KNX,0.5976684
FLNC,0.5974771
VOXX,0.5974443
TRNS,0.5974391
GPRE,0.59712833
HLF,0.59706426
BTI,0.5967658
UVV,0.59647495
LYTS,0.5963917
SPLP,0.59623325
TSN,0.59598035
PZZA,0.5958211
BTT,0.5957078
VRSN,0.5956611
CAH,0.5953541
NMS,0.5952152
CASY,0.59512943
IQ,0.5951102
PGNY,0.5949775
RLX,0.5947093
OLN,0.5944674
SAY,0.59443176
HALO,0.59409297
BOWL,0.5940083
UG,0.59390587
ATUS,0.593892
IVT,0.5937606
TTI,0.59373635
NVEE,0.5936179
BIO,0.5935271
ECPG,0.59344876
FLO,0.59341043
HUBS,0.59335244
MTRN,0.5933221
VVX,0.5933146
CAE,0.5933029
MOS,0.593288
PLPC,0.5931809
ROAD,0.59303147
AMR,0.5930264
DTCK,0.5929495
BAND,0.5927049
CCRN,0.5925828
DCO,0.5923012
NCL,0.5922974
BON,0.59205717
OR,0.59202516
CG,0.59193766
JWN,0.5918595
VTR,0.59177697
PAG,0.5917636
BRSP,0.59171134
PPG,0.5915528
NVG,0.5915448
NREF,0.5913847
SEB,0.59134394
GPOR,0.5911506
ATS,0.5910265
KMT,0.59097147
B,0.5909598
SWKS,0.5908911
SNDR,0.59085214
IOR,0.5905691
RAIL,0.5904407
MPLX,0.5903044
ELA,0.59027135
IIIV,0.59023476
CECO,0.5900752
STLD,0.59004205
TXT,0.58976877
OMCL,0.58964986
BFH,0.58957046
HIW,0.5895129
SEVN,0.5894338
NISN,0.589285
CPNG,0.5892069
IBEX,0.58906704
CRMT,0.58906305
DOLE,0.5889299
WPRT,0.58880985
HXL,0.5888063
TRS,0.58875835
SEAT,0.58861107
CCLDP,0.58856916
AMN,0.5884492
TRUP,0.58815724
KRC,0.58814406
FPH,0.5876086
EQH,0.58711857
EXPE,0.5870291
FOXF,0.58697873
CODA,0.5869015
HI,0.5868138
SHC,0.5864623
PAA,0.5861622
CCK,0.5861592
RICK,0.5861449
ILMN,0.58609295
ULBI,0.5859774
WTTR,0.58581513
VOXR,0.585743
SITE,0.5849565
PATK,0.5848713
LPRO,0.58484286
DBD,0.58475596
HNRG,0.5845899
AGRO,0.5844404
CHRW,0.58424425
WLDN,0.58394456
ORN,0.5838238
DELL,0.58369786
ADM,0.5836711
CARS,0.58353627
GES,0.58345246
MODG,0.58343273
MFA,0.5833593
VNO,0.58300585
LCUT,0.5828143
WHLM,0.582676
PAGP,0.58227605
KD,0.5821593
ONIT,0.58200693
EBS,0.58199
CCLDO,0.581979
VCV,0.5819329
APT,0.5813467
CVEO,0.58133066
USEA,0.5813232
LUMN,0.5812852
SWK,0.58120966
DEC,0.5808894
AESI,0.58088386
UTZ,0.58073515
IPG,0.58061975
TRU,0.5800701
AAP,0.58004904
CREX,0.57997483
TDG,0.57990974
FUN,0.5798934
PRVA,0.57986534
KFRC,0.5798303
BNED,0.5797463
FARO,0.5790908
VNCE,0.5789929
ABG,0.578811
CETX,0.57878757
DAVA,0.5787776
CVU,0.5785156
RELY,0.5784744
MNRO,0.5784574
SHEL,0.5783869
DLHC,0.5782845
HRB,0.5782394
HOUS,0.5782145
DLTR,0.5781955
COLD,0.57792264
ACEL,0.5779019
DNB,0.57790065
DXC,0.5778948
OKTA,0.5778126
LANDM,0.5777204
LBRT,0.57768303
MRM,0.5775625
ALK,0.5774965
RYI,0.5772012
AFYA,0.5770403
ASX,0.5768622
PFE,0.5766755
IAC,0.5765312
EFXT,0.5764406
WES,0.5763923
DNOW,0.57623184
NCSM,0.57616323
FUL,0.57614386
STRT,0.5760409
INTT,0.5758929
RES,0.5754604
BZH,0.5753483
AMSC,0.57527393
ARLP,0.57520455
LYFT,0.5749584
DOOO,0.5749423
PII,0.5748167
GOOD,0.57461625
SGC,0.57458925
PETZ,0.5745349
AHCO,0.5737014
SGA,0.5736969
GOCO,0.5733661
GGZ,0.5732304
PRLB,0.5731235
MYRG,0.573057
GCO,0.5730497
NUS,0.57301074
CNC,0.5729799
CPRI,0.5725261
RRR,0.5724898
TAOP,0.57242167
THO,0.5722931
RCMT,0.57217234
RMR,0.57183003
COHR,0.57176256
CCLD,0.57174784
WCC,0.57162166
CMCT,0.57149816
SE,0.5714454
WGO,0.57140875
KODK,0.5712347
FLEX,0.57090753
MKSI,0.57069707
BZFD,0.5706835
SAM,0.57067335
CMCO,0.5706151
LANDP,0.57058734
LANDO,0.57058734
MBC,0.5702838
HHS,0.57007766
CELH,0.56994075
FYBR,0.5699088
PFGC,0.5698651
LAKE,0.5697669
IP,0.56958133
WLK,0.5693584
KALU,0.56934255
OXSQG,0.56930697
OXSQZ,0.56930697
ARW,0.569264
SGRY,0.5692006
OI,0.5690912
HCSG,0.5690904
CVLT,0.5690722
FLL,0.56906873
OPFI,0.5690491
PKX,0.5688514
ARMK,0.5687431
CION,0.56871825
NSP,0.568628
ARKO,0.5684792
SCSC,0.5681118
ACB,0.5680395
DTST,0.56789124
BG,0.56788504
TNET,0.56787056
PDFS,0.5674919
FDP,0.56727296
BA,0.5672425
LPTH,0.56722355
UEC,0.56718236
ARDX,0.5671091
BCC,0.56707394
APEI,0.5670494
PKOH,0.56702536
SRCL,0.56688833
RDCM,0.5667136
PTMN,0.56666845
PALT,0.5666436
PRIM,0.56648266
CCU,0.56590813
TBLA,0.56589514
FICO,0.565682
LCII,0.5656277
CVV,0.56553316
TWLO,0.5655067
CI,0.5652302
GROW,0.56514853
MLKN,0.56510466
INN,0.5650388
SLGN,0.56498665
BILI,0.5647764
EVRI,0.56468725
GPI,0.5644027
GIFI,0.5643609
DLR,0.56434834
ETSY,0.56429106
PLYA,0.56427014
SEM,0.56419915
LAB,0.56396496
SJM,0.56372976
ATLC,0.5636196
DDL,0.56331766
SON,0.56327397
TV,0.56317955
GMS,0.5628958
LEG,0.5627683
MYD,0.5627448
TGI,0.56266785
TRC,0.56263834
ALTO,0.56262237
RSVR,0.5624399
HLMN,0.5623605
PFXNZ,0.562351
NATH,0.56225896
AVTR,0.5621704
CYRX,0.56182826
MPC,0.56165993
BACK,0.5616529
APWC,0.56152713
AVT,0.56137794
NTCT,0.5612964
ASGN,0.5612875
OMEX,0.5612765
BAER,0.56109565
ARCB,0.5610803
DSX,0.56105894
VKI,0.5606284
CNF,0.56044585
MDB,0.56020945
ABLV,0.5602044
VEL,0.5601703
CTOS,0.56004745
METC,0.5600444
RRX,0.55996495
NUE,0.55967134
YUM,0.5596647
ALIT,0.5596389
RLJ,0.55937004
KGS,0.5592662
NNI,0.5591163
R,0.55911475
LRE,0.5589704
MMU,0.558957
AMRC,0.5587757
ANSS,0.5587444
ARE,0.5586458
OCC,0.5586064
CVNA,0.5584736
ACV,0.55832493
GLP,0.5582909
MBUU,0.55822325
STER,0.5581922
PMO,0.5581574
EPC,0.558087
CDRE,0.5579829
SNBR,0.5578773
HCM,0.5575911
NVRI,0.55751115
WYNN,0.55736727
DINO,0.55732423
CWK,0.5572476
ABLLL,0.55721855
HLLY,0.5570737
HL,0.55687076
FL,0.5568457
GRNQ,0.55616415
PSMT,0.55610013
BTM,0.5559799
MEOH,0.5559391
BXC,0.5559041
GPMT,0.5558578
CAKE,0.5558567
MAYS,0.55575895
SPB,0.555414
RMCO,0.55535537
GPC,0.55530125
PX,0.5552686
DSGR,0.55522263
AGS,0.55492204
QRVO,0.55481696
MESO,0.55462056
ENFN,0.55459964
BAX,0.5544567
RDFN,0.5544432
ALNT,0.5543677
IMOS,0.5542635
FRD,0.5540588
CVGI,0.5539662
DIOD,0.5539301
EAD,0.55388534
FDX,0.55359155
BEN,0.5534101
OPCH,0.55334765
SFM,0.5533098
CRCT,0.5532614
ULCC,0.5532355
ROG,0.5531703
LSTR,0.5528853
FVRR,0.5528812
ZTO,0.55267423
SYPR,0.5525591
CMTL,0.5525228
UEIC,0.5521056
M,0.5520999
LEO,0.55162394
SHO,0.5509062
MCFT,0.5507917
PHG,0.5502347
WRAP,0.5499373
EM,0.54984933
GTIM,0.5498343
EVGN,0.5497881
RC,0.54968727
RCC,0.54968727
RCB,0.54968727
INSP,0.5495434
RYAM,0.54949766
GHC,0.54948354
GROY,0.5494807
PAM,0.5494765
TCOM,0.5494662
NNY,0.54944617
MAXN,0.54938567
HIMX,0.54907024
LUNA,0.54893184
INTC,0.5487964
SNAL,0.54820895
PLCE,0.54819983
FAX,0.547967
NGL,0.5479561
CNXN,0.54793096
WINA,0.54787576
KW,0.5478618
SLG,0.54781556
SNAP,0.54766893
BGS,0.5474176
SKYE,0.54731107
BSET,0.5470808
TWI,0.547051
AVNT,0.54704237
MGNI,0.546993
MARA,0.54697376
HAIN,0.5469077
PHAR,0.54668075
IGT,0.5466376
BLMN,0.5466077
NATL,0.5466053
BSFC,0.54655254
NOTV,0.54653215
ATLCL,0.54647374
HFRO,0.5463879
NYAX,0.54629725
DTI,0.5462525
GTBP,0.54615194
EFC,0.5459473
PEP,0.54582196
MEI,0.545758
HOUR,0.5456598
SKYT,0.5456444
NX,0.5454605
ZENV,0.5454556
ABL,0.54535687
BEEP,0.54529166
CWST,0.5446778
SQ,0.5444629
MG,0.5444158
EPSN,0.5441663
ICUI,0.54415613
X,0.54405814
EDAP,0.5440239
LIND,0.5439801
MGM,0.5439159
MLR,0.5435989
CNEY,0.5435608
NEPH,0.5433432
LGO,0.5433404
GYRO,0.5429897
STRW,0.5426666
SND,0.5423565
HBI,0.5422495
RGEN,0.5422348
GO,0.54195756
MED,0.5418513
CWH,0.54179484
MTLS,0.5417313
XPER,0.54170173
NR,0.54141855
LDI,0.5413203
HASI,0.54101694
SPCB,0.5409212
MTN,0.5408496
WULF,0.54060316
VSCO,0.5403561
ARI,0.54021984
CNXC,0.5401352
USFD,0.5400457
PRCH,0.53993523
MPAA,0.5398512
IMKTA,0.5392695
BURL,0.53922075
SLS,0.5392154
GOEV,0.5391139
ACM,0.5390357
SNCR,0.5389788
HQY,0.5388869
BERY,0.53887343
DRVN,0.5384972
SOHO,0.5381902
BIP,0.5381683
SXC,0.53796417
SCS,0.5379504
GWRE,0.5378802
RITM,0.53781235
PBPB,0.5377715
FA,0.5376764
CC,0.5376282
SWIM,0.5375022
SGU,0.5374807
ALTG,0.53746563
LRFC,0.5374565
NVOS,0.537432
CSTM,0.53733665
QRTEB,0.5372802
SRPT,0.53724134
GDRX,0.53719383
VRNS,0.5370838
SPWH,0.5370644
AVNW,0.5369992
CBRL,0.53697366
AKAM,0.5367488
VC,0.53660387
NVCR,0.53659546
METCL,0.53656596
NCV,0.5363287
WMT,0.5362871
WMK,0.5362334
INDV,0.5362212
NRG,0.536182
CRTO,0.53618026
CPT,0.5361562
PLAY,0.53598523
EVC,0.5359262
PSN,0.53587914
HSII,0.53551984
TWIN,0.5354528
FET,0.5350898
NCRA,0.5350379
UZD,0.5349508
UZE,0.5349508
LSCC,0.53482884
XPOF,0.5345386
BOSC,0.53441525
GTEC,0.5341583
VRE,0.53413147
CE,0.5340681
OGI,0.5340521
EFSH,0.53404915
WBD,0.5339798
ASTH,0.5338008
CHRS,0.5337596
NEXA,0.5336354
GDYN,0.53348076
SCKT,0.5333202
CNET,0.5331895
AMBO,0.53313154
BRN,0.53291667
ABM,0.5328271
XPRO,0.5328248
POCI,0.5327161
NZF,0.5325012
SVC,0.53246933
MRVL,0.53226006
ICFI,0.5322332
QRTEA,0.53213954
QRTEP,0.53213954
PEGA,0.5321136
BWIN,0.5320835
BILL,0.53206664
PSFE,0.5320611
TEAF,0.5319983
RMTI,0.53197825
NXRT,0.5319581
PESI,0.5319422
CMTG,0.5315206
BJRI,0.5314581
KBR,0.53137445
BWEN,0.5312896
LSF,0.5310121
MUSA,0.5309665
ZDGE,0.5309344
SCCD,0.53081596
SCCE,0.53081596
ZEPP,0.53078485
FOLD,0.5307122
UPXI,0.5306377
VIAV,0.5305397
SHIM,0.5304978
WIMI,0.5303709
TROX,0.53035045
CBAT,0.5302976
CRGY,0.5302973
CRSR,0.53029466
FKWL,0.5301465
PINC,0.5299958
BRAG,0.5299845
MLAB,0.5299534
JVA,0.52984935
SOHON,0.5298148
OSS,0.52969164
OZ,0.5291825
CULP,0.5291434
DOCN,0.52903897
BEP,0.528989
SPHR,0.52891153
PDM,0.52890056
SCL,0.5288664
CRWD,0.5286818
GT,0.5285101
PAHC,0.5284394
BDN,0.528405
SID,0.5283705
PENN,0.52836186
CNNE,0.52813214
PAR,0.5281087
EDU,0.5281009
CHGG,0.5275801
DEI,0.52752763
BLBD,0.5274687
ASYS,0.52729917
RPAY,0.52725637
KELYA,0.52724046
ALLT,0.5271952
GOODO,0.5271558
SOHOB,0.527103
KNOP,0.5270668
DRCT,0.5269851
SGRP,0.5269693
NTST,0.526398
SYTA,0.5261413
CCD,0.52594537
CHT,0.52589935
CIEN,0.52579004
PT,0.5257658
INDO,0.52574146
CENN,0.5255113
MAC,0.5255034
VPG,0.5253986
KC,0.5253058
RYAAY,0.52513903
WYY,0.525079
RETO,0.5249801
ALTM,0.52490425
ACCO,0.5246196
ST,0.5246112
UUUU,0.5245509
MNKD,0.5244946
SNEX,0.52413636
EYEN,0.52410483
PRGO,0.52395135
UIS,0.52393764
OMI,0.52363294
VMAR,0.52357304
VLO,0.52337664
XRAY,0.5233066
NVST,0.5232152
QUIK,0.52312344
HROW,0.5230009
SCCC,0.522981
DSP,0.52296025
RGT,0.52292854
KNDI,0.52292836
BGI,0.5229182
SNCRL,0.52288634
MTRX,0.52280504
FORR,0.5224272
UZF,0.5223109
MSS,0.5222565
KXIN,0.5222024
USM,0.5220348
FSCO,0.522019
LAD,0.52190405
QH,0.5218862
PHI,0.52184224
NMZ,0.5217873
AMBP,0.5215783
FIVN,0.52153873
SHCO,0.5215383
CERS,0.52141064
KMX,0.5213853
VRA,0.52133155
COOK,0.52130353
APA,0.52116644
BWMN,0.5210873
PARA,0.5207428
PARAA,0.5207428
NSYS,0.5207425
MSTR,0.5203729
CPIX,0.52016413
ONL,0.5199533
NYC,0.5199289
PLL,0.51975375
ATRO,0.5197223
XRX,0.51960164
GRX,0.5195627
TTGT,0.5191559
PGRE,0.51892745
ASLE,0.51891416
TCS,0.51878536
MXL,0.5187213
JOB,0.51843673
LODE,0.51842034
JBLU,0.5181668
THQ,0.5177721
VSME,0.51761025
LEA,0.51729554
LBTYK,0.5172143
JBGS,0.5171798
LAND,0.51706856
TROO,0.51699114
BBGI,0.5169857
TBRG,0.51681036
SDOT,0.5168015
PMM,0.51679265
RPD,0.5167919
CEAD,0.5167698
STKL,0.51672226
CLF,0.5165303
DNP,0.51644963
TTEK,0.5164273
MULN,0.51641816
IPW,0.5161236
ANGO,0.51600796
HPP,0.5159734
MTEX,0.5156922
NVAX,0.5156233
THS,0.51550126
CSTL,0.51529616
SIG,0.5152913
LSEA,0.51503354
SHLT,0.5149287
ACU,0.5148849
SACH,0.5147261
RDNT,0.5147144
BOX,0.5147141
HROWL,0.5147004
NET,0.51448756
ZKIN,0.51444477
ACA,0.51430464
FCEL,0.5141891
THTX,0.5140755
AMLX,0.5138631
RSSS,0.51376015
BCO,0.51367706
BRCC,0.51362824
NIO,0.5135225
LUV,0.5134557
TSQ,0.5134484
SBAC,0.51332563
TTSH,0.51316804
SAH,0.5131171
SCWX,0.5130816
CALX,0.5130086
AGAE,0.5127673
EXK,0.5127641
NEGG,0.5127108
SOHOO,0.5126929
OPRX,0.5125032
TDS,0.51235074
HUSA,0.5121672
EEX,0.512148
UHG,0.51214683
ASTE,0.5121325
OFIX,0.5119175
TTEC,0.5116309
ENR,0.51160336
LFMD,0.511507
ACNT,0.5114323
OIS,0.5113794
BLIN,0.5113792
TEN,0.51132596
ARAY,0.5113239
SWBI,0.5112484
IHT,0.5112113
UFPI,0.5111588
AVAH,0.51105183
RDHL,0.51101303
FNGR,0.5107368
XIN,0.5104397
UNFI,0.5103331
MYTE,0.5103242
TMCI,0.5102902
CDXS,0.5101552
BEDU,0.5100193
BOXL,0.5099229
RIGL,0.5097933
BFRI,0.5097752
SPH,0.50974417
CNX,0.5095987
MDRRP,0.5095027
SACC,0.50942445
DBI,0.5092382
HR,0.50884867
CMBM,0.5087692
AAOI,0.5082525
CTM,0.5082008
FLGT,0.50818765
ESLT,0.5080497
NUTX,0.5080164
EVH,0.50800556
BGSF,0.50794274
USAU,0.5078522
RELI,0.50764656
CTRM,0.5076125
MOGO,0.5075628
GURE,0.5074968
XTNT,0.5074557
ELME,0.50690717
BLDP,0.5067744
XERS,0.5067375
CYBR,0.5066162
VERX,0.50631356
AVNS,0.5062159
SPT,0.50618064
LOAN,0.50609475
SLNHP,0.5059357
INLX,0.50588495
GDS,0.50587726
CYTH,0.5055643
PRPL,0.50552213
TDY,0.5054396
CTKB,0.5054364
FNKO,0.50539255
WHR,0.50538796
TIXT,0.50536036
ASPS,0.5051804
RLGT,0.5051392
FTCI,0.5050233
APPN,0.5047084
NBY,0.5047053
SGHT,0.5046475
FCUV,0.5045627
YY,0.5044194
MUX,0.5043827
CTV,0.50430816
CNTY,0.5042382
ATEX,0.50421166
DTSS,0.5040202
ONTF,0.50361794
SANG,0.5035654
DOMO,0.5034498
VMO,0.50341445
IART,0.5034041
JFBR,0.50325054
AIRG,0.5031577
GNLN,0.50302243
EL,0.50297505
TURN,0.50291777
WOOF,0.50290525
MBOT,0.5025578
YCBD,0.50251466
ATIP,0.5024878
WEAV,0.5024716
UAMY,0.50244033
KLTR,0.50243586
PRPO,0.5023175
MATV,0.50231373
WORX,0.50223094
THW,0.5022038
XPON,0.50219715
SXI,0.5021269
AG,0.502079
TOST,0.5020014
ARL,0.50149155
LGND,0.50149024
AREC,0.501409
MSC,0.501045
NNBR,0.50094813
CLVT,0.50088626
MX,0.50071365
OWLT,0.50048393
IPHA,0.50032586
KTOS,0.50030917
PRTS,0.50029457
FSP,0.5002544
BVS,0.5001041
CISO,0.499959
PERI,0.49992836
HROWM,0.49986294
BLRX,0.4993377
EVCM,0.4992539
ENVB,0.49919248
WIX,0.49913865
WBA,0.4989761
VRME,0.49895754
ADV,0.4989261
MATW,0.49892217
COR,0.49891114
GNL,0.498713
TXG,0.4985978
AXTI,0.49858022
GROV,0.49840873
INUV,0.49839282
MLNK,0.49824813
DG,0.49803236
SONN,0.4980087
RFIL,0.49780962
LBTYA,0.49780834
LPL,0.49774393
YTRA,0.49768424
CPS,0.4975537
CPSS,0.497102
HEAR,0.4969764
EHAB,0.49691248
ALKT,0.49690634
SPRY,0.49684548
SCYX,0.4968396
BOOM,0.49676487
RMBL,0.49669358
UWMC,0.49668297
HQI,0.49657527
IMNN,0.49654403
HCAT,0.49641916
IRS,0.4962764
XELB,0.49627015
MIR,0.49621466
SGBX,0.496111
TPCS,0.49603778
CHMI,0.49602687
RBBN,0.49594715
RIG,0.49589115
OLB,0.4958164
T,0.49577406
UK,0.49576455
PTVE,0.4956495
PSTV,0.4956332
LBTYB,0.4956167
INNV,0.49560463
RGS,0.49539372
CRESY,0.49535692
PAY,0.49483365
SATS,0.49472877
BYRN,0.49432334
CBZ,0.49430302
SCCG,0.49429995
PLYM,0.49420628
MGA,0.49415573
MGLD,0.4941359
FWRD,0.4941192
PGY,0.4940562
BCE,0.49401495
AIRT,0.49400645
ARQ,0.4938978
IZEA,0.49386504
MEG,0.4936703
SOTK,0.49343708
ALGM,0.4932868
UPST,0.4932436
HLP,0.4932333
PL,0.4932016
ACRS,0.4931244
LSAK,0.49312073
ASRT,0.49298012
AVD,0.49297392
NARI,0.49295485
FLGC,0.49287325
PMD,0.49287173
BATRA,0.4928458
RILY,0.492844
BXP,0.4927717
AHG,0.49273568
BTG,0.49260592
NWGL,0.4925903
ARCO,0.49254334
EXFY,0.49241278
LILA,0.49219245
LILAK,0.49219245
HRTX,0.49206176
BBUC,0.49203366
NOM,0.49199688
BLZE,0.49197358
TENB,0.4919041
DRRX,0.49186477
ANDE,0.49179578
GHI,0.49170402
MRCY,0.49165028
FLNT,0.49162275
ESTC,0.49139
OPTN,0.49135983
IEP,0.49121937
RXT,0.4911968
TLS,0.4909781
STRRP,0.4908441
VISL,0.4907344
REKR,0.49057105
GDC,0.49056795
OPTT,0.49054685
BIGC,0.49045816
SBEV,0.49037686
HKIT,0.49011487
AERT,0.48980778
IVDA,0.48976737
KTCC,0.48940635
TRIB,0.48938575
QTRX,0.4893501
GORO,0.48926854
NEA,0.4891045
AMPG,0.48883638
ARKR,0.48880172
TACT,0.48879665
EXTR,0.4887491
CDZI,0.48849544
GRFX,0.48841774
UPBD,0.4883188
NDLS,0.48814523
AVDL,0.48808673
EVTV,0.48805895
CHEF,0.48800758
BWAY,0.48794195
BITF,0.487934
RAYA,0.4878559
AMED,0.48782742
FOSLL,0.48759332
IHS,0.48746276
MYE,0.48746184
MSGS,0.4874568
BMRA,0.48739636
AR,0.4871633
IPA,0.48688558
GGR,0.48686036
BLFS,0.48678285
INFA,0.4867572
BTBD,0.4867327
TUSK,0.4866552
VTAK,0.48660302
CDXC,0.4863209
FORA,0.4862363
DOGZ,0.48620525
PRO,0.4861811
EYPT,0.48617426
TARS,0.48598385
EDRY,0.4859539
LEDS,0.48594847
KULR,0.48592257
CIO,0.48578796
IRWD,0.48563835
VRCA,0.48558533
CTVA,0.48551688
ATER,0.48546556
ANIX,0.48539892
KOPN,0.4852698
PKST,0.48516345
CENT,0.4851126
NEO,0.48509264
MVIS,0.48462933
SONO,0.48461285
SWVL,0.48436618
ANIK,0.484307
AIRS,0.48427576
AIFF,0.484108
DUOT,0.483984
AVDX,0.48396388
TECK,0.48379028
SNOW,0.48377606
KLG,0.48373732
NHTC,0.48373583
TEF,0.48369765
XPEV,0.48367307
ACI,0.48361346
IPDN,0.48358026
IRIX,0.48356685
ONFO,0.48354098
SMC,0.48339564
VSAT,0.4833111
APPS,0.48317578
TDUP,0.4831523
CERT,0.4830054
CLRO,0.48287085
PSNL,0.4827798
ML,0.48268408
AWX,0.48251978
WWR,0.48249766
PLUR,0.4824658
ACVA,0.48215252
BATRK,0.4820609
INGN,0.4819066
JAMF,0.48173723
FRPT,0.48169044
RBLX,0.4815694
OXSQ,0.48131642
EPOW,0.48102778
CHCT,0.48101285
BHC,0.48097047
TGT,0.4808137
GPRO,0.48076507
EGAN,0.4807449
BRKR,0.48056296
AIRI,0.48041353
AKBA,0.4803344
ANTE,0.48028293
NGVT,0.48012975
UFI,0.4800292
INFN,0.47994527
AOUT,0.47981086
W,0.479787
MPLN,0.4793762
ESGL,0.47924364
EXPI,0.47895712
LVO,0.47890815
AIP,0.47883174
CLPS,0.47868007
CATO,0.47861034
FTEK,0.47852933
RILYL,0.47845867
CDLX,0.47841188
TLRY,0.47825843
CRK,0.4781647
CENTA,0.47814137
ASTC,0.47812188
APLS,0.4780894
NAII,0.4780008
BWA,0.47797835
STRS,0.47793734
DFLI,0.47793478
TTWO,0.4778739
LGHL,0.4777622
PCRX,0.47763613
LVRO,0.4772816
AXGN,0.4772575
CCCS,0.47710088
PPSI,0.47706935
NAD,0.47701824
NRDY,0.4769436
URG,0.47682625
DOW,0.4768191
TOVX,0.4767946
SLQT,0.47677487
MASS,0.47670802
INSE,0.47664413
BZUN,0.47646302
GDEN,0.47642893
XHR,0.47637147
CMP,0.47630307
HLIO,0.47626776
LDWY,0.476129
JYNT,0.47609213
GRWG,0.47604316
TLF,0.47592822
LFCR,0.47591287
TG,0.47589603
MTUS,0.47582316
SRI,0.47578084
AIV,0.4757667
COCP,0.47564656
FSLY,0.47560447
BJ,0.4755539
PETS,0.47543892
LTBR,0.47541994
AORT,0.47534832
DQ,0.47525665
GIPR,0.47506797
LXU,0.47497797
STRR,0.47463024
SSRM,0.47461343
BCAN,0.47459054
SIF,0.47454318
KLXE,0.4745326
PET,0.47443584
KIRK,0.4743939
ONEW,0.47439066
EDR,0.47438207
NWL,0.47434628
FARM,0.47425902
CTLT,0.4742295
BTCS,0.47420725
WK,0.47415307
LASE,0.4736413
MMI,0.47361493
ABVC,0.47357702
MERC,0.473456
MSN,0.4732887
VERI,0.4731679
BARK,0.4729903
QIPT,0.4728837
MOBX,0.4727276
VTEX,0.47248146
BMR,0.47237056
FUBO,0.4723175
CDMO,0.47231388
MPU,0.47224513
SGML,0.4722064
ASH,0.47178137
ATEC,0.47167554
ACRE,0.47163522
GCI,0.4714692
BKDT,0.47146443
CRNC,0.47138706
GME,0.47120595
PDCO,0.47117957
COMM,0.47101295
BRT,0.47092333
LEGN,0.47066426
JCSE,0.47059202
ETWO,0.4705846
BGNE,0.47057292
NBR,0.4705139
OESX,0.4704905
QMCO,0.4703766
CNVS,0.47036248
SCOR,0.47027403
BRLT,0.47021082
NEOG,0.47020155
ENOV,0.47018424
GAN,0.4701838
VSH,0.4700425
DYAI,0.47002113
BPYPN,0.47000995
RDUS,0.46997255
ZD,0.46985894
DALN,0.46934444
PHR,0.46924266
LNSR,0.4691608
ADNT,0.46912783
WNW,0.46893418
WHLRP,0.46873882
EZGO,0.46835893
SRDX,0.46833214
STBX,0.46829763
MYGN,0.4681546
THRY,0.46808246
BRFH,0.46796942
GV,0.4678459
ASTL,0.4677775
CETY,0.46769378
AMRN,0.46767595
SYNA,0.4676652
BPYPP,0.46711972
MTA,0.46708998
NURO,0.46705788
DASH,0.4669887
SABR,0.46693382
GWAV,0.4669334
CTNT,0.46685076
CLMT,0.46683228
DMRC,0.4667724
ICCT,0.46676275
ADPT,0.46647537
FORD,0.46596742
ALTR,0.4659609
ITP,0.46587306
AHT,0.46566787
NXPL,0.46552852
LCTX,0.4653461
BAK,0.46533784
IMPPP,0.46532077
CLSK,0.46529076
RXO,0.46524823
AMS,0.46485546
ALCO,0.46482563
DWSN,0.46467125
KZIA,0.4645863
VUZI,0.46453214
ALTS,0.46449515
MLEC,0.46437934
OBLG,0.4642213
TNDM,0.4641513
EAST,0.46414018
DKL,0.46405977
DPG,0.46401232
CATX,0.46392176
HTZ,0.46375218
HBIO,0.4636971
TLPH,0.46369398
NVFY,0.46331996
RILYG,0.46320638
TEVA,0.46290797
VIVK,0.46284318
VIOT,0.4627163
FENC,0.4625769
FBIOP,0.4625101
MTTR,0.46245396
HTIA,0.46238285
QDEL,0.46227762
RTC,0.46219042
NINE,0.4620124
DHCNI,0.46194765
CWAN,0.46171936
RNG,0.4617033
PTEN,0.4615388
CLPR,0.46153757
INTZ,0.46148923
FGEN,0.46143663
EJH,0.4613445
CNSL,0.46133995
EDUC,0.46123093
OEC,0.4611992
STXS,0.46111363
FTRE,0.46087545
DGHI,0.46081445
ASAN,0.46073845
RDI,0.46041912
HIVE,0.46024573
XXII,0.46018165
NRDS,0.4601778
LMFA,0.46010214
OIA,0.46007738
NVRO,0.46006918
LIQT,0.45994988
SPR,0.45994824
SONM,0.45991728
BBAI,0.45988303
CRWS,0.45987603
NLOP,0.45961317
LANV,0.45955977
CFLT,0.45942792
GENK,0.4594278
GYRE,0.4594031
PACK,0.45937952
STKS,0.45925114
AADI,0.45904964
SKIL,0.45902687
BWSN,0.4589203
BWNB,0.4589203
IIM,0.45851892
JELD,0.4585041
BYON,0.4577263
ELMD,0.4576815
WW,0.4576374
AUMN,0.45763597
PXLW,0.45745638
YEXT,0.45724568
WHLRD,0.45717907
SURG,0.4567875
BLCO,0.45671478
AMC,0.45664352
CLW,0.4566193
AIR,0.45658466
APCX,0.4564583
CHY,0.4563683
ZS,0.4562868
CRMD,0.45623764
MXCT,0.4561776
GM,0.45602345
PUMP,0.45595792
ACDC,0.45590156
MCK,0.45580918
QTWO,0.45567834
VGM,0.4555017
AOSL,0.45545197
EVO,0.45533195
F,0.45528343
VREX,0.45510292
NRGV,0.45485044
SMRT,0.45468044
BE,0.45422563
ALAR,0.45413327
TMDX,0.45410603
PLUG,0.45401376
NCPL,0.4539403
SLNH,0.4538226
LSTA,0.4537982
IGC,0.45369387
ROKU,0.4536324
SNTG,0.45358562
CLNE,0.4535835
AIHS,0.45339748
PTON,0.45336848
NEXN,0.45324895
SSSS,0.45316255
PLBY,0.45315632
API,0.4531337
YGMZ,0.45298743
QNST,0.45283836
LOVE,0.45277804
WTI,0.45266962
APYX,0.4526216
SYY,0.4525672
VYNE,0.4524688
RGP,0.45221362
SNDL,0.45201728
XELA,0.45197368
BEST,0.45194766
SGLY,0.45184746
SCCF,0.45182237
VRDN,0.45160952
MLP,0.4515811
BBU,0.45156762
LOCL,0.45136696
PBF,0.45128503
LINK,0.4512107
CPSH,0.45109326
OTRK,0.4510431
GAIA,0.45082968
RVP,0.45054668
NVX,0.4502994
TAL,0.45022202
AKA,0.45008695
FTFT,0.45000973
ALGT,0.44965696
DHC,0.44958246
IPGP,0.4493869
CSTE,0.44933933
ILPT,0.44927
GFAI,0.4488414
PEV,0.44883054
UPC,0.4488039
DTC,0.44877845
USAS,0.44867474
VALN,0.44865516
NTRA,0.44850135
SANW,0.4483941
VRM,0.44837272
OPI,0.44811323
FOSL,0.44808412
RILYK,0.44807866
RILYZ,0.44807866
BASE,0.4476919
DERM,0.44752422
AGEN,0.44738108
CMCM,0.44732186
KOSS,0.44720972
MTAL,0.44694644
PIK,0.44682857
UONE,0.44672903
ASUR,0.44662413
CDTX,0.4463186
CANG,0.446269
BXMT,0.446198
LIFW,0.44618234
NMTC,0.4457944
BW,0.44578353
SKLZ,0.4457318
SOAR,0.44564322
SQFT,0.44555914
WNC,0.44547424
STAF,0.4453797
SMTI,0.44534692
EYE,0.44528213
GORV,0.44506776
TDOC,0.4449817
BGFV,0.44489127
NKTR,0.4447112
INSM,0.44468528
ELWS,0.44464082
UPLD,0.4445951
ICHR,0.44420674
PW,0.4441811
LKCO,0.44417408
CMLS,0.44407764
DH,0.4440774
CMC,0.44405866
NCNO,0.4439383
RXRX,0.443863
ALHC,0.44381905
ATRC,0.4436856
WHLR,0.44355875
UGP,0.4434842
XENE,0.44324452
ACCD,0.44288057
CELZ,0.44276884
NTNX,0.44265136
BODI,0.4425551
ISDR,0.44235212
ZETA,0.4422633
NXDT,0.44222447
DK,0.44219244
ATNI,0.44212574
UONEK,0.44192123
BKYI,0.44188115
QRHC,0.4418462
APLD,0.44165948
RELX,0.44130296
SILO,0.44119155
TBI,0.44078445
BRID,0.44052014
XWEL,0.44040906
CTHR,0.4403746
APDN,0.44033676
DSS,0.4400143
UCTT,0.43992555
SST,0.43976054
CODX,0.43973747
HITI,0.4397166
BSM,0.4397114
PD,0.439569
ASND,0.43950588
LVLU,0.43940246
SQFTP,0.43939856
GNSS,0.43936178
NAAS,0.43907487
HOLO,0.43885761
CDNA,0.43866786
XGN,0.438646
BMBL,0.43845946
UP,0.43812537
DKNG,0.43809253
GP,0.4378441
NTWK,0.43781075
ARBK,0.4376628
USEG,0.4376506
AP,0.43756866
DXLG,0.43746826
SSY,0.43746492
LFUS,0.43744782
REGCP,0.43742117
LASR,0.43682912
COHU,0.4362377
SMSI,0.4360774
VGZ,0.43598995
RCON,0.43580577
ARRY,0.43578118
OCTO,0.43576178
PGEN,0.4357321
HSON,0.43570322
MIRM,0.43566796
BNR,0.43562058
VXRT,0.43550032
STRM,0.43545064
CVGW,0.43537596
RRGB,0.4350353
XTIA,0.43476486
GERN,0.434197
EOLS,0.43418434
AZTA,0.43403724
FTHM,0.4339632
MRIN,0.43389288
RVYL,0.4334715
SKIN,0.4332885
SMTC,0.43320376
NTZ,0.432932
FLUX,0.43285114
EXAS,0.43273723
IPI,0.43273306
QUAD,0.43247542
EMKR,0.43219697
TXO,0.43185365
CLLS,0.4318264
NEOV,0.43174738
WSC,0.43174148
NTRB,0.43148178
MDGL,0.43103418
ABEO,0.43069357
FBIO,0.43061334
ARWR,0.43009168
TCX,0.4298703
AEHL,0.42966437
KORE,0.42958704
AEIS,0.42951542
CSPI,0.4293203
SSL,0.4293051
SPI,0.42882282
AEHR,0.4287271
PTPI,0.42867923
ALB,0.42856732
THCH,0.42845473
MRNS,0.4282469
AIM,0.42822066
IRTC,0.42815953
IMCC,0.42793694
INO,0.4279349
OPINL,0.42788044
SNOA,0.42787293
RILYN,0.42755753
HE,0.4274817
DGLY,0.42730772
KVHI,0.42729485
OXM,0.42714807
IBIO,0.426893
LITE,0.42668203
WOLF,0.4266059
HOFT,0.42651182
STIM,0.4264233
LTRY,0.42627665
GKOS,0.42556402
TOON,0.42554688
BNAI,0.42553005
PLAG,0.4252722
PTCT,0.42515588
SDIG,0.42511797
WVVIP,0.4250118
ENG,0.4247861
EDTK,0.42476937
ZUO,0.42433938
ASPN,0.42433783
BPMC,0.42417762
RILYP,0.42369822
EH,0.42369387
SLND,0.4235714
INTA,0.42343175
CMAX,0.4233191
MLSS,0.4231031
SVT,0.42299187
TOI,0.42281982
FRGE,0.4225327
XAIR,0.4222747
EFOI,0.4219733
STKH,0.42146578
ESTA,0.42139518
JOUT,0.42132318
RCAT,0.42116433
CGEN,0.42096415
SNGX,0.42077768
ENSV,0.4203311
CTSO,0.42012033
WVVI,0.42002654
TPC,0.42002252
DLTH,0.4197106
BHAT,0.41958758
VERU,0.41954795
UGRO,0.4193987
QURE,0.4193714
DAIO,0.41913527
PRM,0.41903225
SEDG,0.4189154
IMTE,0.41831797
PBI,0.41813672
GMGI,0.41788173
URGN,0.4173581
BALY,0.41691193
ARBKL,0.41688907
NSPR,0.41677848
BDSX,0.41652936
LEU,0.4162807
SSKN,0.41593653
SOHU,0.4152746
IVAC,0.41501606
SHAK,0.4149338
EQC,0.41431248
SRG,0.4141984
SBET,0.41419768
EP,0.41417354
ACTG,0.41383913
KPLT,0.41363454
HURC,0.41360244
SMG,0.41336343
ZIP,0.4132051
HFFG,0.41310284
SGMA,0.4130876
PRSO,0.4128426
BBIO,0.41233617
ICAD,0.4123333
ESPR,0.4123265
REBN,0.41224924
XNET,0.4120184
LEV,0.4119682
MIGI,0.41185984
TVTX,0.41185704
DBGI,0.41130677
IRBT,0.4112567
TISI,0.41124192
OPEN,0.41104412
CJJD,0.4109442
CVI,0.4104119
CPHI,0.4099955
BIRD,0.40969485
EPD,0.40939295
RDIB,0.40871242
TTNP,0.4085358
CPTN,0.4084415
SLAB,0.40834275
U,0.40833583
CRIS,0.4083301
GEOS,0.40819737
GOVX,0.40809244
CCOI,0.40808874
ZIMV,0.40755436
TEAM,0.40682328
GLNG,0.4060425
CXDO,0.4056006
MGTX,0.4054756
LTRX,0.40530175
CLSD,0.40498906
LGVN,0.40478408
OST,0.40477034
MMLP,0.40472075
UAVS,0.4044609
MQ,0.4042451
BYND,0.40385544
NCZ,0.40382895
SISI,0.4036977
BLBX,0.40307552
DDD,0.40302068
PRE,0.4030058
DOMH,0.40250537
MESA,0.40225357
IHRT,0.40217414
OOMA,0.40159744
EB,0.40132436
EAF,0.40109298
HYFM,0.4002093
KRRO,0.39915478
AIOT,0.3991468
CREG,0.39889133
REAL,0.3984391
ALNY,0.39729112
RILYT,0.39636916
BETR,0.39633927
ONCT,0.3961277
CPOP,0.39587438
PTIX,0.39567345
BPYPO,0.39501292
CLDX,0.39489436
NDRA,0.39486825
WKSP,0.39442384
CTRN,0.39340442
DLPN,0.39335358
COSM,0.39294374
WFG,0.39284292
ANIP,0.3921575
LXRX,0.3917898
NEON,0.3916158
DARE,0.39119402
S,0.39110786
SCPX,0.39105517
MRVI,0.3908745
VSTM,0.39001682
LPSN,0.38973677
SBSW,0.38968077
PACB,0.38921323
VS,0.38902712
BROG,0.38888285
MPW,0.38878128
LEXX,0.3886593
XPO,0.3884253
MVF,0.38834804
BKD,0.3881932
SUP,0.38808715
POWW,0.38767534
XOMAP,0.3875788
HCTI,0.38747224
LGMK,0.3874129
CUTR,0.3873192
TRT,0.38720816
RDW,0.38678035
BCOV,0.38663828
EIM,0.3859807
ATXG,0.38542593
RILYM,0.3849773
SPRU,0.3849514
PTN,0.38487893
RDZN,0.38484052
RHE,0.38434896
MLCO,0.38342047
XOMA,0.38319102
VKQ,0.38296032
KRUS,0.38271347
ERNA,0.3824491
VNDA,0.38228565
SSTI,0.38219792
TREE,0.38209748
MODV,0.3818948
GRAB,0.3816387
ELTX,0.38146633
OSUR,0.3813404
FNA,0.3809301
LRHC,0.3807886
ALT,0.3801008
VERO,0.37917942
XOMAO,0.37886763
VLGEA,0.37850228
CLFD,0.37834883
VRNA,0.37688878
NCMI,0.37639046
TAIT,0.3759708
ENZ,0.37591225
BCRX,0.37369773
AXDX,0.3728733
IFBD,0.3728683
NVS,0.37260962
RELL,0.37192264
LIVE,0.37176922
ADCT,0.3716562
BOC,0.37150916
IONS,0.37121248
CDZIP,0.36916602
ORMP,0.36857107
PRPH,0.3684126
LFLY,0.36692497
MDV,0.36592832
CMRX,0.36508334
MP,0.3622071
OPT,0.36173648
ICCC,0.3613056
AIMD,0.36123917
EVI,0.35878927
TSE,0.3586625
TBPH,0.35858646
POWWP,0.35815626
TPIC,0.3581105
OXLCZ,0.35752726
CYH,0.35629728
YHGJ,0.35625476
MOH,0.3562381
SSYS,0.35616344
SOWG,0.35497358
IDN,0.3540651
EICA,0.35296956
CLAR,0.35276744
KPTI,0.35211128
CCO,0.3510322
GBR,0.35095444
LVTX,0.3500989
CHNR,0.34933206
FRGT,0.34841558
TXMD,0.3476532
BTOG,0.3475443
UTSI,0.3461675
XRTX,0.34256843
DNN,0.3416457
IMO,0.34129447
MYI,0.3402811
EHTH,0.3393364
INTG,0.33839217
RIOT,0.33789772
NMCO,0.33539677
SWKHL,0.3325983
RUSHB,0.33237603
RMCF,0.3313124
AMTX,0.32956254
CRVO,0.32937363
DXR,0.3279103
SCWO,0.32262436
NEN,0.32255876
LFMDP,0.32240778
VVPR,0.3220652
MDRR,0.32095686
PZC,0.3181969
AEYE,0.3139571
PFX,0.31306443
SSSSL,0.3109287
MHH,0.31023467
NAC,0.3068431
VSTA,0.3048337
SHEN,0.29923108
IDT,0.2974256
PYCR,0.29604676
LEE,0.29213762
BCDA,0.29007515
VCEL,0.28910968
KHC,0.28875703
OPTX,0.27673408
COHN,0.27335677
AE,0.27130327
INCR,0.26635224
LE,0.26108736
RCG,0.2491752
SRL,0.24584001
RUSHA,0.24196614
PMEC,0.23647155
LMNR,0.23638889
NTIP,0.23453784
LXEH,0.23120973
CVR,0.23030338
KR,0.21107027
